2026-05-07 22:53:15.609 [main] INFO  c.t.a.AutoChannelApplication - Starting AutoChannelApplication using Java 17.0.18 with PID 39905 (/Users/chenyuqi/Desktop/alan/tsmc/autoChannel/target/classes started by chenyuqi in /Users/chenyuqi/Desktop/alan/tsmc/autoChannel)
2026-05-07 22:53:15.610 [main] INFO  c.t.a.AutoChannelApplication - The following 1 profile is active: "mock"
2026-05-07 22:53:15.837 [main] INFO  o.s.d.r.c.RepositoryConfigurationDelegate - Bootstrapping Spring Data JPA repositories in DEFAULT mode.
2026-05-07 22:53:15.852 [main] INFO  o.s.d.r.c.RepositoryConfigurationDelegate - Finished Spring Data repository scanning in 12 ms. Found 1 JPA repository interface.
2026-05-07 22:53:16.222 [main] INFO  o.s.b.w.e.tomcat.TomcatWebServer - Tomcat initialized with port 8080 (http)
2026-05-07 22:53:16.227 [main] INFO  o.a.catalina.core.StandardService - Starting service [Tomcat]
2026-05-07 22:53:16.228 [main] INFO  o.a.catalina.core.StandardEngine - Starting Servlet engine: [Apache Tomcat/10.1.20]
2026-05-07 22:53:16.257 [main] INFO  o.a.c.c.C.[Tomcat].[localhost].[/] - Initializing Spring embedded WebApplicationContext
2026-05-07 22:53:16.257 [main] INFO  o.s.b.w.s.c.ServletWebServerApplicationContext - Root WebApplicationContext: initialization completed in 631 ms
2026-05-07 22:53:16.382 [main] INFO  o.h.jpa.internal.util.LogHelper - HHH000204: Processing PersistenceUnitInfo [name: default]
2026-05-07 22:53:16.410 [main] INFO  org.hibernate.Version - HHH000412: Hibernate ORM core version 6.4.4.Final
2026-05-07 22:53:16.425 [main] INFO  o.h.c.i.RegionFactoryInitiator - HHH000026: Second-level cache disabled
2026-05-07 22:53:16.541 [main] INFO  o.s.o.j.p.SpringPersistenceUnitInfo - No LoadTimeWeaver setup: ignoring JPA class transformer
2026-05-07 22:53:16.553 [main] INFO  com.zaxxer.hikari.HikariDataSource - HikariPool-1 - Starting...
2026-05-07 22:53:16.610 [main] INFO  com.zaxxer.hikari.pool.HikariPool - HikariPool-1 - Added connection org.mariadb.jdbc.Connection@2965dd88
2026-05-07 22:53:16.611 [main] INFO  com.zaxxer.hikari.HikariDataSource - HikariPool-1 - Start completed.
2026-05-07 22:53:16.628 [main] WARN  org.hibernate.orm.deprecation - HHH90000025: MariaDBDialect does not need to be specified explicitly using 'hibernate.dialect' (remove the property setting and it will be selected by default)
2026-05-07 22:53:16.963 [main] INFO  o.h.e.t.j.p.i.JtaPlatformInitiator - HHH000489: No JTA platform available (set 'hibernate.transaction.jta.platform' to enable JTA platform integration)
2026-05-07 22:53:16.989 [main] INFO  o.s.o.j.LocalContainerEntityManagerFactoryBean - Initialized JPA EntityManagerFactory for persistence unit 'default'
2026-05-07 22:53:17.122 [main] INFO  o.s.d.j.r.query.QueryEnhancerFactory - Hibernate is in classpath; If applicable, HQL parser will be used.
2026-05-07 22:53:17.341 [main] WARN  o.s.b.a.o.j.JpaBaseConfiguration$JpaWebConfiguration - spring.jpa.open-in-view is enabled by default. Therefore, database queries may be performed during view rendering. Explicitly configure spring.jpa.open-in-view to disable this warning
2026-05-07 22:53:17.574 [main] INFO  o.s.b.a.e.web.EndpointLinksResolver - Exposing 7 endpoint(s) beneath base path '/actuator'
2026-05-07 22:53:17.606 [main] INFO  o.s.b.w.e.tomcat.TomcatWebServer - Tomcat started on port 8080 (http) with context path ''
2026-05-07 22:53:17.615 [main] INFO  c.t.a.AutoChannelApplication - Started AutoChannelApplication in 2.19 seconds (process running for 2.31)
2026-05-07 22:53:17.631 [main] INFO  c.t.a.AutoChannelApplication - Starting component: auto
2026-05-07 22:53:17.632 [main] INFO  c.t.a.component.AutoComponent - [auto] Starting auto mode — generate×2 threads, 3 scheduled jobs offset by 1 min each
2026-05-07 22:53:17.632 [main] INFO  c.t.a.component.AutoComponent - [auto] generateFiles thread-0 scheduled (initialDelay=0s, delay=15s)
2026-05-07 22:53:17.632 [pool-2-thread-1] INFO  c.t.a.c.GenerateFilesComponent - [generateFiles] Generating 3 file(s) into mock_nas/source/...
2026-05-07 22:53:17.632 [main] INFO  c.t.a.component.AutoComponent - [auto] generateFiles thread-1 scheduled (initialDelay=7s, delay=15s)
2026-05-07 22:53:17.632 [main] INFO  c.t.a.component.AutoComponent - [auto] sftpDownload scheduled (initialDelay=0s, period=20s)
2026-05-07 22:53:17.632 [pool-3-thread-1] INFO  c.t.a.component.AutoComponent - [auto] sftpDownload start (channelId=CH002)
2026-05-07 22:53:17.632 [main] INFO  c.t.a.component.AutoComponent - [auto] stdf2csv scheduled (initialDelay=60s, period=20s)
2026-05-07 22:53:17.633 [main] INFO  c.t.a.component.AutoComponent - [auto] sftpUpload scheduled (initialDelay=120s, period=20s)
2026-05-07 22:53:17.637 [main] INFO  c.t.a.component.AutoComponent - [auto] All schedulers running. Press Ctrl+C to stop.
2026-05-07 22:53:17.640 [pool-3-thread-1] INFO  c.t.a.m.LoggingObservationHandler - [obs] START name=mariadb keys=[keyValue(action=insert),keyValue(operation=SFTP_DOWNLOAD)], [keyValue(channelId=CH002),keyValue(filename=data_1778165597632.stdf),keyValue(status=IN_PROGRESS)]
2026-05-07 22:53:17.644 [pool-2-thread-1] INFO  c.t.a.c.GenerateFilesComponent - [generateFiles] Created mock_nas/source/epsilon/data_1778165597632_0.stdf (channelId=CH005, channel=Channel Epsilon)
2026-05-07 22:53:17.645 [pool-2-thread-1] INFO  c.t.a.c.GenerateFilesComponent - [generateFiles] Created mock_nas/source/beta/data_1778165597644_1.stdf (channelId=CH002, channel=Channel Beta)
2026-05-07 22:53:17.647 [pool-2-thread-1] INFO  c.t.a.c.GenerateFilesComponent - [generateFiles] Created mock_nas/source/beta/data_1778165597646_2.stdf (channelId=CH002, channel=Channel Beta)
2026-05-07 22:53:17.647 [pool-2-thread-1] INFO  c.t.a.c.GenerateFilesComponent - [generateFiles] Done — 3 file(s) generated
2026-05-07 22:53:17.678 [pool-3-thread-1] INFO  c.t.a.service.TransferLogService - [db] INSERT transfer_log id=53 channelId=CH002 operation=SFTP_DOWNLOAD filename=data_1778165597632.stdf
2026-05-07 22:53:17.679 [pool-3-thread-1] INFO  c.t.a.m.LoggingObservationHandler - [obs] STOP name=mariadb keys=[keyValue(action=insert),keyValue(operation=SFTP_DOWNLOAD)], [keyValue(channelId=CH002),keyValue(db.record.id=53),keyValue(filename=data_1778165597632.stdf),keyValue(status=IN_PROGRESS)]
2026-05-07 22:53:17.680 [pool-3-thread-1] INFO  c.t.a.m.LoggingObservationHandler - [obs] START name=sftp.download keys=[keyValue(channelId=CH002),keyValue(operation=download)], [keyValue(filename=data_1778165597632.stdf)]
2026-05-07 22:53:17.680 [pool-3-thread-1] INFO  c.t.a.c.SftpDownloadComponent - Connecting to SFTP to download: data_1778165597632.stdf
2026-05-07 22:53:17.680 [pool-3-thread-1] WARN  c.t.a.c.SftpDownloadComponent - SFTP unavailable (File not found in mock SFTP: mock_nas/sftp/upload/data_1778165597632.stdf), using generated data
2026-05-07 22:53:17.683 [pool-3-thread-1] INFO  c.t.a.service.LocalStorageService - [mock-minio] upload /var/folders/jc/508yc86d035d5gp7yy0dgb640000gn/T/sftp_download_17886666022300479048.stdf → mock_nas/minio/autochannel/raw/data_1778165597632.stdf
2026-05-07 22:53:17.687 [pool-3-thread-1] INFO  c.t.a.metrics.ProcessingMetrics - [metrics] channelId=CH002 operation=download file_size=2.1820383E7 bytes
2026-05-07 22:53:17.687 [pool-3-thread-1] INFO  c.t.a.m.LoggingObservationHandler - [obs] START name=mariadb keys=[keyValue(action=update_success),keyValue(operation=SFTP_DOWNLOAD)], [keyValue(channelId=CH002),keyValue(db.record.id=53),keyValue(duration.ms=51),keyValue(file.size.bytes=21820383),keyValue(filename=data_1778165597632.stdf),keyValue(status=SUCCESS)]
2026-05-07 22:53:17.718 [pool-3-thread-1] INFO  c.t.a.service.TransferLogService - [db] UPDATE transfer_log id=53 status=SUCCESS durationMs=51 fileSizeBytes=21820383
2026-05-07 22:53:17.718 [pool-3-thread-1] INFO  c.t.a.m.LoggingObservationHandler - [obs] STOP name=mariadb keys=[keyValue(action=update_success),keyValue(operation=SFTP_DOWNLOAD)], [keyValue(channelId=CH002),keyValue(db.record.id=53),keyValue(duration.ms=51),keyValue(file.size.bytes=21820383),keyValue(filename=data_1778165597632.stdf),keyValue(status=SUCCESS)]
2026-05-07 22:53:17.718 [pool-3-thread-1] INFO  c.t.a.c.SftpDownloadComponent - Uploaded to MinIO: raw/data_1778165597632.stdf
2026-05-07 22:53:17.719 [pool-3-thread-1] INFO  c.t.a.m.LoggingObservationHandler - [obs] STOP name=sftp.download keys=[keyValue(channelId=CH002),keyValue(operation=download)], [keyValue(file.size.bytes=21820383),keyValue(filename=data_1778165597632.stdf)]
2026-05-07 22:53:20.623 [http-nio-8080-exec-1] INFO  o.a.c.c.C.[Tomcat].[localhost].[/] - Initializing Spring DispatcherServlet 'dispatcherServlet'
2026-05-07 22:53:20.624 [http-nio-8080-exec-1] INFO  o.s.web.servlet.DispatcherServlet - Initializing Servlet 'dispatcherServlet'
2026-05-07 22:53:20.625 [http-nio-8080-exec-1] INFO  o.s.web.servlet.DispatcherServlet - Completed initialization in 0 ms
2026-05-07 22:53:22.635 [pool-3-thread-2] INFO  c.t.a.component.AutoComponent - [auto] stdf2csv start (channelId=CH005)
2026-05-07 22:53:22.635 [pool-3-thread-2] INFO  c.t.a.m.LoggingObservationHandler - [obs] START name=mariadb keys=[keyValue(action=insert),keyValue(operation=STDF_CONVERT)], [keyValue(channelId=CH005),keyValue(filename=raw/data_1778165602635.stdf),keyValue(status=IN_PROGRESS)]
2026-05-07 22:53:23.950 [pool-3-thread-2] WARN  c.zaxxer.hikari.pool.ProxyConnection - HikariPool-1 - Connection org.mariadb.jdbc.Connection@2965dd88 marked as broken because of SQLSTATE(08000), ErrorCode(-1)
java.sql.SQLNonTransientConnectionException: (conn=1095) Socket timout error
	at org.mariadb.jdbc.export.ExceptionFactory.createException(ExceptionFactory.java:300)
	at org.mariadb.jdbc.export.ExceptionFactory.create(ExceptionFactory.java:366)
	at org.mariadb.jdbc.client.impl.StandardClient.readPacket(StandardClient.java:938)
	at org.mariadb.jdbc.client.impl.StandardClient.readResults(StandardClient.java:854)
	at org.mariadb.jdbc.client.impl.StandardClient.readResponse(StandardClient.java:773)
	at org.mariadb.jdbc.client.impl.StandardClient.execute(StandardClient.java:697)
	at org.mariadb.jdbc.client.impl.StandardClient.execute(StandardClient.java:553)
	at org.mariadb.jdbc.Connection.setAutoCommit(Connection.java:204)
	at com.zaxxer.hikari.pool.ProxyConnection.setAutoCommit(ProxyConnection.java:401)
	at com.zaxxer.hikari.pool.HikariProxyConnection.setAutoCommit(HikariProxyConnection.java)
	at org.hibernate.resource.jdbc.internal.AbstractLogicalConnectionImplementor.begin(AbstractLogicalConnectionImplementor.java:72)
	at org.hibernate.resource.jdbc.internal.LogicalConnectionManagedImpl.begin(LogicalConnectionManagedImpl.java:282)
	at org.hibernate.resource.transaction.backend.jdbc.internal.JdbcResourceLocalTransactionCoordinatorImpl$TransactionDriverControlImpl.begin(JdbcResourceLocalTransactionCoordinatorImpl.java:232)
	at org.hibernate.engine.transaction.internal.TransactionImpl.begin(TransactionImpl.java:83)
	at org.springframework.orm.jpa.vendor.HibernateJpaDialect.beginTransaction(HibernateJpaDialect.java:176)
	at org.springframework.orm.jpa.JpaTransactionManager.doBegin(JpaTransactionManager.java:420)
	at org.springframework.transaction.support.AbstractPlatformTransactionManager.startTransaction(AbstractPlatformTransactionManager.java:531)
	at org.springframework.transaction.support.AbstractPlatformTransactionManager.getTransaction(AbstractPlatformTransactionManager.java:405)
	at org.springframework.transaction.support.TransactionTemplate.execute(TransactionTemplate.java:137)
	at com.tsmc.autochannel.service.TransferLogService.logStart(TransferLogService.java:43)
	at com.tsmc.autochannel.component.Stdf2CsvComponent.execute(Stdf2CsvComponent.java:33)
	at com.tsmc.autochannel.component.AutoComponent.runStdf2Csv(AutoComponent.java:97)
	at java.base/java.util.concurrent.Executors$RunnableAdapter.call(Executors.java:539)
	at java.base/java.util.concurrent.FutureTask.runAndReset(FutureTask.java:305)
	at java.base/java.util.concurrent.ScheduledThreadPoolExecutor$ScheduledFutureTask.run(ScheduledThreadPoolExecutor.java:305)
	at java.base/java.util.concurrent.ThreadPoolExecutor.runWorker(ThreadPoolExecutor.java:1136)
	at java.base/java.util.concurrent.ThreadPoolExecutor$Worker.run(ThreadPoolExecutor.java:635)
	at java.base/java.lang.Thread.run(Thread.java:840)
Caused by: java.net.SocketTimeoutException: Read timed out
	at java.base/sun.nio.ch.NioSocketImpl.timedRead(NioSocketImpl.java:288)
	at java.base/sun.nio.ch.NioSocketImpl.implRead(NioSocketImpl.java:314)
	at java.base/sun.nio.ch.NioSocketImpl.read(NioSocketImpl.java:355)
	at java.base/sun.nio.ch.NioSocketImpl$1.read(NioSocketImpl.java:808)
	at java.base/java.net.Socket$SocketInputStream.read(Socket.java:966)
	at java.base/java.io.BufferedInputStream.fill(BufferedInputStream.java:244)
	at java.base/java.io.BufferedInputStream.read1(BufferedInputStream.java:284)
	at java.base/java.io.BufferedInputStream.read(BufferedInputStream.java:343)
	at org.mariadb.jdbc.client.socket.impl.PacketReader.readReusablePacket(PacketReader.java:62)
	at org.mariadb.jdbc.message.ClientMessage.readPacket(ClientMessage.java:153)
	at org.mariadb.jdbc.client.impl.StandardClient.readPacket(StandardClient.java:915)
	... 25 common frames omitted
2026-05-07 22:53:23.965 [pool-3-thread-2] ERROR c.t.a.m.LoggingObservationHandler - [obs] ERROR name=mariadb keys=[keyValue(action=insert),keyValue(error=connection_failure),keyValue(operation=STDF_CONVERT)], [keyValue(channelId=CH005),keyValue(filename=raw/data_1778165602635.stdf),keyValue(status=IN_PROGRESS)], error=Could not open JPA EntityManager for transaction
2026-05-07 22:53:23.965 [pool-3-thread-2] INFO  c.t.a.m.LoggingObservationHandler - [obs] STOP name=mariadb keys=[keyValue(action=insert),keyValue(error=connection_failure),keyValue(operation=STDF_CONVERT)], [keyValue(channelId=CH005),keyValue(filename=raw/data_1778165602635.stdf),keyValue(status=IN_PROGRESS)]
2026-05-07 22:53:23.966 [pool-3-thread-2] ERROR c.t.a.component.AutoComponent - [auto] stdf2csv error: Could not open JPA EntityManager for transaction
org.springframework.transaction.CannotCreateTransactionException: Could not open JPA EntityManager for transaction
	at org.springframework.orm.jpa.JpaTransactionManager.doBegin(JpaTransactionManager.java:466)
	at org.springframework.transaction.support.AbstractPlatformTransactionManager.startTransaction(AbstractPlatformTransactionManager.java:531)
	at org.springframework.transaction.support.AbstractPlatformTransactionManager.getTransaction(AbstractPlatformTransactionManager.java:405)
	at org.springframework.transaction.support.TransactionTemplate.execute(TransactionTemplate.java:137)
	at com.tsmc.autochannel.service.TransferLogService.logStart(TransferLogService.java:43)
	at com.tsmc.autochannel.component.Stdf2CsvComponent.execute(Stdf2CsvComponent.java:33)
	at com.tsmc.autochannel.component.AutoComponent.runStdf2Csv(AutoComponent.java:97)
	at java.base/java.util.concurrent.Executors$RunnableAdapter.call(Executors.java:539)
	at java.base/java.util.concurrent.FutureTask.runAndReset(FutureTask.java:305)
	at java.base/java.util.concurrent.ScheduledThreadPoolExecutor$ScheduledFutureTask.run(ScheduledThreadPoolExecutor.java:305)
	at java.base/java.util.concurrent.ThreadPoolExecutor.runWorker(ThreadPoolExecutor.java:1136)
	at java.base/java.util.concurrent.ThreadPoolExecutor$Worker.run(ThreadPoolExecutor.java:635)
	at java.base/java.lang.Thread.run(Thread.java:840)
Caused by: org.hibernate.TransactionException: JDBC begin transaction failed: 
	at org.hibernate.resource.jdbc.internal.AbstractLogicalConnectionImplementor.begin(AbstractLogicalConnectionImplementor.java:78)
	at org.hibernate.resource.jdbc.internal.LogicalConnectionManagedImpl.begin(LogicalConnectionManagedImpl.java:282)
	at org.hibernate.resource.transaction.backend.jdbc.internal.JdbcResourceLocalTransactionCoordinatorImpl$TransactionDriverControlImpl.begin(JdbcResourceLocalTransactionCoordinatorImpl.java:232)
	at org.hibernate.engine.transaction.internal.TransactionImpl.begin(TransactionImpl.java:83)
	at org.springframework.orm.jpa.vendor.HibernateJpaDialect.beginTransaction(HibernateJpaDialect.java:176)
	at org.springframework.orm.jpa.JpaTransactionManager.doBegin(JpaTransactionManager.java:420)
	... 12 common frames omitted
Caused by: java.sql.SQLNonTransientConnectionException: (conn=1095) Socket timout error
	at org.mariadb.jdbc.export.ExceptionFactory.createException(ExceptionFactory.java:300)
	at org.mariadb.jdbc.export.ExceptionFactory.create(ExceptionFactory.java:366)
	at org.mariadb.jdbc.client.impl.StandardClient.readPacket(StandardClient.java:938)
	at org.mariadb.jdbc.client.impl.StandardClient.readResults(StandardClient.java:854)
	at org.mariadb.jdbc.client.impl.StandardClient.readResponse(StandardClient.java:773)
	at org.mariadb.jdbc.client.impl.StandardClient.execute(StandardClient.java:697)
	at org.mariadb.jdbc.client.impl.StandardClient.execute(StandardClient.java:553)
	at org.mariadb.jdbc.Connection.setAutoCommit(Connection.java:204)
	at com.zaxxer.hikari.pool.ProxyConnection.setAutoCommit(ProxyConnection.java:401)
	at com.zaxxer.hikari.pool.HikariProxyConnection.setAutoCommit(HikariProxyConnection.java)
	at org.hibernate.resource.jdbc.internal.AbstractLogicalConnectionImplementor.begin(AbstractLogicalConnectionImplementor.java:72)
	... 17 common frames omitted
Caused by: java.net.SocketTimeoutException: Read timed out
	at java.base/sun.nio.ch.NioSocketImpl.timedRead(NioSocketImpl.java:288)
	at java.base/sun.nio.ch.NioSocketImpl.implRead(NioSocketImpl.java:314)
	at java.base/sun.nio.ch.NioSocketImpl.read(NioSocketImpl.java:355)
	at java.base/sun.nio.ch.NioSocketImpl$1.read(NioSocketImpl.java:808)
	at java.base/java.net.Socket$SocketInputStream.read(Socket.java:966)
	at java.base/java.io.BufferedInputStream.fill(BufferedInputStream.java:244)
	at java.base/java.io.BufferedInputStream.read1(BufferedInputStream.java:284)
	at java.base/java.io.BufferedInputStream.read(BufferedInputStream.java:343)
	at org.mariadb.jdbc.client.socket.impl.PacketReader.readReusablePacket(PacketReader.java:62)
	at org.mariadb.jdbc.message.ClientMessage.readPacket(ClientMessage.java:153)
	at org.mariadb.jdbc.client.impl.StandardClient.readPacket(StandardClient.java:915)
	... 25 common frames omitted
2026-05-07 22:53:24.637 [pool-2-thread-2] INFO  c.t.a.c.GenerateFilesComponent - [generateFiles] Generating 3 file(s) into mock_nas/source/...
2026-05-07 22:53:24.639 [pool-2-thread-2] INFO  c.t.a.c.GenerateFilesComponent - [generateFiles] Created mock_nas/source/delta/data_1778165604637_0.stdf (channelId=CH004, channel=Channel Delta)
2026-05-07 22:53:24.639 [pool-2-thread-2] INFO  c.t.a.c.GenerateFilesComponent - [generateFiles] Created mock_nas/source/delta/data_1778165604639_1.stdf (channelId=CH004, channel=Channel Delta)
2026-05-07 22:53:24.641 [pool-2-thread-2] INFO  c.t.a.c.GenerateFilesComponent - [generateFiles] Created mock_nas/source/gamma/data_1778165604640_2.stdf (channelId=CH003, channel=Channel Gamma)
2026-05-07 22:53:24.641 [pool-2-thread-2] INFO  c.t.a.c.GenerateFilesComponent - [generateFiles] Done — 3 file(s) generated
2026-05-07 22:53:27.633 [pool-3-thread-3] INFO  c.t.a.component.AutoComponent - [auto] sftpUpload start (channelId=CH001)
2026-05-07 22:53:27.635 [pool-3-thread-3] INFO  c.t.a.m.LoggingObservationHandler - [obs] START name=mariadb keys=[keyValue(action=insert),keyValue(operation=SFTP_UPLOAD)], [keyValue(channelId=CH001),keyValue(filename=data_1778165607634_parsed.csv),keyValue(status=IN_PROGRESS)]
2026-05-07 22:53:28.946 [pool-3-thread-3] WARN  c.zaxxer.hikari.pool.ProxyConnection - HikariPool-1 - Connection org.mariadb.jdbc.Connection@41f62fdd marked as broken because of SQLSTATE(08000), ErrorCode(-1)
java.sql.SQLNonTransientConnectionException: (conn=1096) Socket timout error
	at org.mariadb.jdbc.export.ExceptionFactory.createException(ExceptionFactory.java:300)
	at org.mariadb.jdbc.export.ExceptionFactory.create(ExceptionFactory.java:366)
	at org.mariadb.jdbc.client.impl.StandardClient.readPacket(StandardClient.java:938)
	at org.mariadb.jdbc.client.impl.StandardClient.readResults(StandardClient.java:854)
	at org.mariadb.jdbc.client.impl.StandardClient.readResponse(StandardClient.java:773)
	at org.mariadb.jdbc.client.impl.StandardClient.execute(StandardClient.java:697)
	at org.mariadb.jdbc.client.impl.StandardClient.execute(StandardClient.java:553)
	at org.mariadb.jdbc.Connection.setAutoCommit(Connection.java:204)
	at com.zaxxer.hikari.pool.ProxyConnection.setAutoCommit(ProxyConnection.java:401)
	at com.zaxxer.hikari.pool.HikariProxyConnection.setAutoCommit(HikariProxyConnection.java)
	at org.hibernate.resource.jdbc.internal.AbstractLogicalConnectionImplementor.begin(AbstractLogicalConnectionImplementor.java:72)
	at org.hibernate.resource.jdbc.internal.LogicalConnectionManagedImpl.begin(LogicalConnectionManagedImpl.java:282)
	at org.hibernate.resource.transaction.backend.jdbc.internal.JdbcResourceLocalTransactionCoordinatorImpl$TransactionDriverControlImpl.begin(JdbcResourceLocalTransactionCoordinatorImpl.java:232)
	at org.hibernate.engine.transaction.internal.TransactionImpl.begin(TransactionImpl.java:83)
	at org.springframework.orm.jpa.vendor.HibernateJpaDialect.beginTransaction(HibernateJpaDialect.java:176)
	at org.springframework.orm.jpa.JpaTransactionManager.doBegin(JpaTransactionManager.java:420)
	at org.springframework.transaction.support.AbstractPlatformTransactionManager.startTransaction(AbstractPlatformTransactionManager.java:531)
	at org.springframework.transaction.support.AbstractPlatformTransactionManager.getTransaction(AbstractPlatformTransactionManager.java:405)
	at org.springframework.transaction.support.TransactionTemplate.execute(TransactionTemplate.java:137)
	at com.tsmc.autochannel.service.TransferLogService.logStart(TransferLogService.java:43)
	at com.tsmc.autochannel.component.SftpUploadComponent.execute(SftpUploadComponent.java:36)
	at com.tsmc.autochannel.component.AutoComponent.runSftpUpload(AutoComponent.java:107)
	at java.base/java.util.concurrent.Executors$RunnableAdapter.call(Executors.java:539)
	at java.base/java.util.concurrent.FutureTask.runAndReset(FutureTask.java:305)
	at java.base/java.util.concurrent.ScheduledThreadPoolExecutor$ScheduledFutureTask.run(ScheduledThreadPoolExecutor.java:305)
	at java.base/java.util.concurrent.ThreadPoolExecutor.runWorker(ThreadPoolExecutor.java:1136)
	at java.base/java.util.concurrent.ThreadPoolExecutor$Worker.run(ThreadPoolExecutor.java:635)
	at java.base/java.lang.Thread.run(Thread.java:840)
Caused by: java.net.SocketTimeoutException: Read timed out
	at java.base/sun.nio.ch.NioSocketImpl.timedRead(NioSocketImpl.java:288)
	at java.base/sun.nio.ch.NioSocketImpl.implRead(NioSocketImpl.java:314)
	at java.base/sun.nio.ch.NioSocketImpl.read(NioSocketImpl.java:355)
	at java.base/sun.nio.ch.NioSocketImpl$1.read(NioSocketImpl.java:808)
	at java.base/java.net.Socket$SocketInputStream.read(Socket.java:966)
	at java.base/java.io.BufferedInputStream.fill(BufferedInputStream.java:244)
	at java.base/java.io.BufferedInputStream.read1(BufferedInputStream.java:284)
	at java.base/java.io.BufferedInputStream.read(BufferedInputStream.java:343)
	at org.mariadb.jdbc.client.socket.impl.PacketReader.readReusablePacket(PacketReader.java:62)
	at org.mariadb.jdbc.message.ClientMessage.readPacket(ClientMessage.java:153)
	at org.mariadb.jdbc.client.impl.StandardClient.readPacket(StandardClient.java:915)
	... 25 common frames omitted
2026-05-07 22:53:28.951 [pool-3-thread-3] ERROR c.t.a.m.LoggingObservationHandler - [obs] ERROR name=mariadb keys=[keyValue(action=insert),keyValue(error=connection_failure),keyValue(operation=SFTP_UPLOAD)], [keyValue(channelId=CH001),keyValue(filename=data_1778165607634_parsed.csv),keyValue(status=IN_PROGRESS)], error=Could not open JPA EntityManager for transaction
2026-05-07 22:53:28.951 [pool-3-thread-3] INFO  c.t.a.m.LoggingObservationHandler - [obs] STOP name=mariadb keys=[keyValue(action=insert),keyValue(error=connection_failure),keyValue(operation=SFTP_UPLOAD)], [keyValue(channelId=CH001),keyValue(filename=data_1778165607634_parsed.csv),keyValue(status=IN_PROGRESS)]
2026-05-07 22:53:28.952 [pool-3-thread-3] ERROR c.t.a.component.AutoComponent - [auto] sftpUpload error: Could not open JPA EntityManager for transaction
org.springframework.transaction.CannotCreateTransactionException: Could not open JPA EntityManager for transaction
	at org.springframework.orm.jpa.JpaTransactionManager.doBegin(JpaTransactionManager.java:466)
	at org.springframework.transaction.support.AbstractPlatformTransactionManager.startTransaction(AbstractPlatformTransactionManager.java:531)
	at org.springframework.transaction.support.AbstractPlatformTransactionManager.getTransaction(AbstractPlatformTransactionManager.java:405)
	at org.springframework.transaction.support.TransactionTemplate.execute(TransactionTemplate.java:137)
	at com.tsmc.autochannel.service.TransferLogService.logStart(TransferLogService.java:43)
	at com.tsmc.autochannel.component.SftpUploadComponent.execute(SftpUploadComponent.java:36)
	at com.tsmc.autochannel.component.AutoComponent.runSftpUpload(AutoComponent.java:107)
	at java.base/java.util.concurrent.Executors$RunnableAdapter.call(Executors.java:539)
	at java.base/java.util.concurrent.FutureTask.runAndReset(FutureTask.java:305)
	at java.base/java.util.concurrent.ScheduledThreadPoolExecutor$ScheduledFutureTask.run(ScheduledThreadPoolExecutor.java:305)
	at java.base/java.util.concurrent.ThreadPoolExecutor.runWorker(ThreadPoolExecutor.java:1136)
	at java.base/java.util.concurrent.ThreadPoolExecutor$Worker.run(ThreadPoolExecutor.java:635)
	at java.base/java.lang.Thread.run(Thread.java:840)
Caused by: org.hibernate.TransactionException: JDBC begin transaction failed: 
	at org.hibernate.resource.jdbc.internal.AbstractLogicalConnectionImplementor.begin(AbstractLogicalConnectionImplementor.java:78)
	at org.hibernate.resource.jdbc.internal.LogicalConnectionManagedImpl.begin(LogicalConnectionManagedImpl.java:282)
	at org.hibernate.resource.transaction.backend.jdbc.internal.JdbcResourceLocalTransactionCoordinatorImpl$TransactionDriverControlImpl.begin(JdbcResourceLocalTransactionCoordinatorImpl.java:232)
	at org.hibernate.engine.transaction.internal.TransactionImpl.begin(TransactionImpl.java:83)
	at org.springframework.orm.jpa.vendor.HibernateJpaDialect.beginTransaction(HibernateJpaDialect.java:176)
	at org.springframework.orm.jpa.JpaTransactionManager.doBegin(JpaTransactionManager.java:420)
	... 12 common frames omitted
Caused by: java.sql.SQLNonTransientConnectionException: (conn=1096) Socket timout error
	at org.mariadb.jdbc.export.ExceptionFactory.createException(ExceptionFactory.java:300)
	at org.mariadb.jdbc.export.ExceptionFactory.create(ExceptionFactory.java:366)
	at org.mariadb.jdbc.client.impl.StandardClient.readPacket(StandardClient.java:938)
	at org.mariadb.jdbc.client.impl.StandardClient.readResults(StandardClient.java:854)
	at org.mariadb.jdbc.client.impl.StandardClient.readResponse(StandardClient.java:773)
	at org.mariadb.jdbc.client.impl.StandardClient.execute(StandardClient.java:697)
	at org.mariadb.jdbc.client.impl.StandardClient.execute(StandardClient.java:553)
	at org.mariadb.jdbc.Connection.setAutoCommit(Connection.java:204)
	at com.zaxxer.hikari.pool.ProxyConnection.setAutoCommit(ProxyConnection.java:401)
	at com.zaxxer.hikari.pool.HikariProxyConnection.setAutoCommit(HikariProxyConnection.java)
	at org.hibernate.resource.jdbc.internal.AbstractLogicalConnectionImplementor.begin(AbstractLogicalConnectionImplementor.java:72)
	... 17 common frames omitted
Caused by: java.net.SocketTimeoutException: Read timed out
	at java.base/sun.nio.ch.NioSocketImpl.timedRead(NioSocketImpl.java:288)
	at java.base/sun.nio.ch.NioSocketImpl.implRead(NioSocketImpl.java:314)
	at java.base/sun.nio.ch.NioSocketImpl.read(NioSocketImpl.java:355)
	at java.base/sun.nio.ch.NioSocketImpl$1.read(NioSocketImpl.java:808)
	at java.base/java.net.Socket$SocketInputStream.read(Socket.java:966)
	at java.base/java.io.BufferedInputStream.fill(BufferedInputStream.java:244)
	at java.base/java.io.BufferedInputStream.read1(BufferedInputStream.java:284)
	at java.base/java.io.BufferedInputStream.read(BufferedInputStream.java:343)
	at org.mariadb.jdbc.client.socket.impl.PacketReader.readReusablePacket(PacketReader.java:62)
	at org.mariadb.jdbc.message.ClientMessage.readPacket(ClientMessage.java:153)
	at org.mariadb.jdbc.client.impl.StandardClient.readPacket(StandardClient.java:915)
	... 25 common frames omitted
2026-05-07 22:53:32.653 [pool-2-thread-1] INFO  c.t.a.c.GenerateFilesComponent - [generateFiles] Generating 3 file(s) into mock_nas/source/...
2026-05-07 22:53:32.655 [pool-2-thread-1] INFO  c.t.a.c.GenerateFilesComponent - [generateFiles] Created mock_nas/source/epsilon/data_1778165612653_0.stdf (channelId=CH005, channel=Channel Epsilon)
2026-05-07 22:53:32.657 [pool-2-thread-1] INFO  c.t.a.c.GenerateFilesComponent - [generateFiles] Created mock_nas/source/epsilon/data_1778165612655_1.stdf (channelId=CH005, channel=Channel Epsilon)
2026-05-07 22:53:32.659 [pool-2-thread-1] INFO  c.t.a.c.GenerateFilesComponent - [generateFiles] Created mock_nas/source/beta/data_1778165612657_2.stdf (channelId=CH002, channel=Channel Beta)
2026-05-07 22:53:32.660 [pool-2-thread-1] INFO  c.t.a.c.GenerateFilesComponent - [generateFiles] Done — 3 file(s) generated
2026-05-07 22:53:37.638 [pool-3-thread-1] INFO  c.t.a.component.AutoComponent - [auto] sftpDownload start (channelId=CH004)
2026-05-07 22:53:37.638 [pool-3-thread-1] INFO  c.t.a.m.LoggingObservationHandler - [obs] START name=mariadb keys=[keyValue(action=insert),keyValue(operation=SFTP_DOWNLOAD)], [keyValue(channelId=CH004),keyValue(filename=data_1778165617638.stdf),keyValue(status=IN_PROGRESS)]
2026-05-07 22:53:38.947 [pool-3-thread-1] WARN  c.zaxxer.hikari.pool.ProxyConnection - HikariPool-1 - Connection org.mariadb.jdbc.Connection@32e9cee7 marked as broken because of SQLSTATE(08000), ErrorCode(-1)
java.sql.SQLNonTransientConnectionException: (conn=1097) Socket timout error
	at org.mariadb.jdbc.export.ExceptionFactory.createException(ExceptionFactory.java:300)
	at org.mariadb.jdbc.export.ExceptionFactory.create(ExceptionFactory.java:366)
	at org.mariadb.jdbc.client.impl.StandardClient.readPacket(StandardClient.java:938)
	at org.mariadb.jdbc.client.impl.StandardClient.readResults(StandardClient.java:854)
	at org.mariadb.jdbc.client.impl.StandardClient.readResponse(StandardClient.java:773)
	at org.mariadb.jdbc.client.impl.StandardClient.execute(StandardClient.java:697)
	at org.mariadb.jdbc.client.impl.StandardClient.execute(StandardClient.java:553)
	at org.mariadb.jdbc.Connection.setAutoCommit(Connection.java:204)
	at com.zaxxer.hikari.pool.ProxyConnection.setAutoCommit(ProxyConnection.java:401)
	at com.zaxxer.hikari.pool.HikariProxyConnection.setAutoCommit(HikariProxyConnection.java)
	at org.hibernate.resource.jdbc.internal.AbstractLogicalConnectionImplementor.begin(AbstractLogicalConnectionImplementor.java:72)
	at org.hibernate.resource.jdbc.internal.LogicalConnectionManagedImpl.begin(LogicalConnectionManagedImpl.java:282)
	at org.hibernate.resource.transaction.backend.jdbc.internal.JdbcResourceLocalTransactionCoordinatorImpl$TransactionDriverControlImpl.begin(JdbcResourceLocalTransactionCoordinatorImpl.java:232)
	at org.hibernate.engine.transaction.internal.TransactionImpl.begin(TransactionImpl.java:83)
	at org.springframework.orm.jpa.vendor.HibernateJpaDialect.beginTransaction(HibernateJpaDialect.java:176)
	at org.springframework.orm.jpa.JpaTransactionManager.doBegin(JpaTransactionManager.java:420)
	at org.springframework.transaction.support.AbstractPlatformTransactionManager.startTransaction(AbstractPlatformTransactionManager.java:531)
	at org.springframework.transaction.support.AbstractPlatformTransactionManager.getTransaction(AbstractPlatformTransactionManager.java:405)
	at org.springframework.transaction.support.TransactionTemplate.execute(TransactionTemplate.java:137)
	at com.tsmc.autochannel.service.TransferLogService.logStart(TransferLogService.java:43)
	at com.tsmc.autochannel.component.SftpDownloadComponent.execute(SftpDownloadComponent.java:35)
	at com.tsmc.autochannel.component.AutoComponent.runSftpDownload(AutoComponent.java:83)
	at java.base/java.util.concurrent.Executors$RunnableAdapter.call(Executors.java:539)
	at java.base/java.util.concurrent.FutureTask.runAndReset(FutureTask.java:305)
	at java.base/java.util.concurrent.ScheduledThreadPoolExecutor$ScheduledFutureTask.run(ScheduledThreadPoolExecutor.java:305)
	at java.base/java.util.concurrent.ThreadPoolExecutor.runWorker(ThreadPoolExecutor.java:1136)
	at java.base/java.util.concurrent.ThreadPoolExecutor$Worker.run(ThreadPoolExecutor.java:635)
	at java.base/java.lang.Thread.run(Thread.java:840)
Caused by: java.net.SocketTimeoutException: Read timed out
	at java.base/sun.nio.ch.NioSocketImpl.timedRead(NioSocketImpl.java:288)
	at java.base/sun.nio.ch.NioSocketImpl.implRead(NioSocketImpl.java:314)
	at java.base/sun.nio.ch.NioSocketImpl.read(NioSocketImpl.java:355)
	at java.base/sun.nio.ch.NioSocketImpl$1.read(NioSocketImpl.java:808)
	at java.base/java.net.Socket$SocketInputStream.read(Socket.java:966)
	at java.base/java.io.BufferedInputStream.fill(BufferedInputStream.java:244)
	at java.base/java.io.BufferedInputStream.read1(BufferedInputStream.java:284)
	at java.base/java.io.BufferedInputStream.read(BufferedInputStream.java:343)
	at org.mariadb.jdbc.client.socket.impl.PacketReader.readReusablePacket(PacketReader.java:62)
	at org.mariadb.jdbc.message.ClientMessage.readPacket(ClientMessage.java:153)
	at org.mariadb.jdbc.client.impl.StandardClient.readPacket(StandardClient.java:915)
	... 25 common frames omitted
2026-05-07 22:53:38.951 [pool-3-thread-1] ERROR c.t.a.m.LoggingObservationHandler - [obs] ERROR name=mariadb keys=[keyValue(action=insert),keyValue(error=connection_failure),keyValue(operation=SFTP_DOWNLOAD)], [keyValue(channelId=CH004),keyValue(filename=data_1778165617638.stdf),keyValue(status=IN_PROGRESS)], error=Could not open JPA EntityManager for transaction
2026-05-07 22:53:38.951 [pool-3-thread-1] INFO  c.t.a.m.LoggingObservationHandler - [obs] STOP name=mariadb keys=[keyValue(action=insert),keyValue(error=connection_failure),keyValue(operation=SFTP_DOWNLOAD)], [keyValue(channelId=CH004),keyValue(filename=data_1778165617638.stdf),keyValue(status=IN_PROGRESS)]
2026-05-07 22:53:38.952 [pool-3-thread-1] ERROR c.t.a.component.AutoComponent - [auto] sftpDownload error: Could not open JPA EntityManager for transaction
org.springframework.transaction.CannotCreateTransactionException: Could not open JPA EntityManager for transaction
	at org.springframework.orm.jpa.JpaTransactionManager.doBegin(JpaTransactionManager.java:466)
	at org.springframework.transaction.support.AbstractPlatformTransactionManager.startTransaction(AbstractPlatformTransactionManager.java:531)
	at org.springframework.transaction.support.AbstractPlatformTransactionManager.getTransaction(AbstractPlatformTransactionManager.java:405)
	at org.springframework.transaction.support.TransactionTemplate.execute(TransactionTemplate.java:137)
	at com.tsmc.autochannel.service.TransferLogService.logStart(TransferLogService.java:43)
	at com.tsmc.autochannel.component.SftpDownloadComponent.execute(SftpDownloadComponent.java:35)
	at com.tsmc.autochannel.component.AutoComponent.runSftpDownload(AutoComponent.java:83)
	at java.base/java.util.concurrent.Executors$RunnableAdapter.call(Executors.java:539)
	at java.base/java.util.concurrent.FutureTask.runAndReset(FutureTask.java:305)
	at java.base/java.util.concurrent.ScheduledThreadPoolExecutor$ScheduledFutureTask.run(ScheduledThreadPoolExecutor.java:305)
	at java.base/java.util.concurrent.ThreadPoolExecutor.runWorker(ThreadPoolExecutor.java:1136)
	at java.base/java.util.concurrent.ThreadPoolExecutor$Worker.run(ThreadPoolExecutor.java:635)
	at java.base/java.lang.Thread.run(Thread.java:840)
Caused by: org.hibernate.TransactionException: JDBC begin transaction failed: 
	at org.hibernate.resource.jdbc.internal.AbstractLogicalConnectionImplementor.begin(AbstractLogicalConnectionImplementor.java:78)
	at org.hibernate.resource.jdbc.internal.LogicalConnectionManagedImpl.begin(LogicalConnectionManagedImpl.java:282)
	at org.hibernate.resource.transaction.backend.jdbc.internal.JdbcResourceLocalTransactionCoordinatorImpl$TransactionDriverControlImpl.begin(JdbcResourceLocalTransactionCoordinatorImpl.java:232)
	at org.hibernate.engine.transaction.internal.TransactionImpl.begin(TransactionImpl.java:83)
	at org.springframework.orm.jpa.vendor.HibernateJpaDialect.beginTransaction(HibernateJpaDialect.java:176)
	at org.springframework.orm.jpa.JpaTransactionManager.doBegin(JpaTransactionManager.java:420)
	... 12 common frames omitted
Caused by: java.sql.SQLNonTransientConnectionException: (conn=1097) Socket timout error
	at org.mariadb.jdbc.export.ExceptionFactory.createException(ExceptionFactory.java:300)
	at org.mariadb.jdbc.export.ExceptionFactory.create(ExceptionFactory.java:366)
	at org.mariadb.jdbc.client.impl.StandardClient.readPacket(StandardClient.java:938)
	at org.mariadb.jdbc.client.impl.StandardClient.readResults(StandardClient.java:854)
	at org.mariadb.jdbc.client.impl.StandardClient.readResponse(StandardClient.java:773)
	at org.mariadb.jdbc.client.impl.StandardClient.execute(StandardClient.java:697)
	at org.mariadb.jdbc.client.impl.StandardClient.execute(StandardClient.java:553)
	at org.mariadb.jdbc.Connection.setAutoCommit(Connection.java:204)
	at com.zaxxer.hikari.pool.ProxyConnection.setAutoCommit(ProxyConnection.java:401)
	at com.zaxxer.hikari.pool.HikariProxyConnection.setAutoCommit(HikariProxyConnection.java)
	at org.hibernate.resource.jdbc.internal.AbstractLogicalConnectionImplementor.begin(AbstractLogicalConnectionImplementor.java:72)
	... 17 common frames omitted
Caused by: java.net.SocketTimeoutException: Read timed out
	at java.base/sun.nio.ch.NioSocketImpl.timedRead(NioSocketImpl.java:288)
	at java.base/sun.nio.ch.NioSocketImpl.implRead(NioSocketImpl.java:314)
	at java.base/sun.nio.ch.NioSocketImpl.read(NioSocketImpl.java:355)
	at java.base/sun.nio.ch.NioSocketImpl$1.read(NioSocketImpl.java:808)
	at java.base/java.net.Socket$SocketInputStream.read(Socket.java:966)
	at java.base/java.io.BufferedInputStream.fill(BufferedInputStream.java:244)
	at java.base/java.io.BufferedInputStream.read1(BufferedInputStream.java:284)
	at java.base/java.io.BufferedInputStream.read(BufferedInputStream.java:343)
	at org.mariadb.jdbc.client.socket.impl.PacketReader.readReusablePacket(PacketReader.java:62)
	at org.mariadb.jdbc.message.ClientMessage.readPacket(ClientMessage.java:153)
	at org.mariadb.jdbc.client.impl.StandardClient.readPacket(StandardClient.java:915)
	... 25 common frames omitted
2026-05-07 22:53:39.646 [pool-2-thread-2] INFO  c.t.a.c.GenerateFilesComponent - [generateFiles] Generating 3 file(s) into mock_nas/source/...
2026-05-07 22:53:39.649 [pool-2-thread-2] INFO  c.t.a.c.GenerateFilesComponent - [generateFiles] Created mock_nas/source/gamma/data_1778165619647_0.stdf (channelId=CH003, channel=Channel Gamma)
2026-05-07 22:53:39.650 [pool-2-thread-2] INFO  c.t.a.c.GenerateFilesComponent - [generateFiles] Created mock_nas/source/beta/data_1778165619649_1.stdf (channelId=CH002, channel=Channel Beta)
2026-05-07 22:53:39.651 [pool-2-thread-2] INFO  c.t.a.c.GenerateFilesComponent - [generateFiles] Created mock_nas/source/delta/data_1778165619650_2.stdf (channelId=CH004, channel=Channel Delta)
2026-05-07 22:53:39.652 [pool-2-thread-2] INFO  c.t.a.c.GenerateFilesComponent - [generateFiles] Done — 3 file(s) generated
2026-05-07 22:53:42.634 [pool-3-thread-2] INFO  c.t.a.component.AutoComponent - [auto] stdf2csv start (channelId=CH002)
2026-05-07 22:53:42.634 [pool-3-thread-2] INFO  c.t.a.m.LoggingObservationHandler - [obs] START name=mariadb keys=[keyValue(action=insert),keyValue(operation=STDF_CONVERT)], [keyValue(channelId=CH002),keyValue(filename=raw/data_1778165622634.stdf),keyValue(status=IN_PROGRESS)]
2026-05-07 22:53:43.942 [pool-3-thread-2] WARN  c.zaxxer.hikari.pool.ProxyConnection - HikariPool-1 - Connection org.mariadb.jdbc.Connection@7476ebdd marked as broken because of SQLSTATE(08000), ErrorCode(-1)
java.sql.SQLNonTransientConnectionException: (conn=1098) Socket timout error
	at org.mariadb.jdbc.export.ExceptionFactory.createException(ExceptionFactory.java:300)
	at org.mariadb.jdbc.export.ExceptionFactory.create(ExceptionFactory.java:366)
	at org.mariadb.jdbc.client.impl.StandardClient.readPacket(StandardClient.java:938)
	at org.mariadb.jdbc.client.impl.StandardClient.readResults(StandardClient.java:854)
	at org.mariadb.jdbc.client.impl.StandardClient.readResponse(StandardClient.java:773)
	at org.mariadb.jdbc.client.impl.StandardClient.execute(StandardClient.java:697)
	at org.mariadb.jdbc.client.impl.StandardClient.execute(StandardClient.java:553)
	at org.mariadb.jdbc.Connection.setAutoCommit(Connection.java:204)
	at com.zaxxer.hikari.pool.ProxyConnection.setAutoCommit(ProxyConnection.java:401)
	at com.zaxxer.hikari.pool.HikariProxyConnection.setAutoCommit(HikariProxyConnection.java)
	at org.hibernate.resource.jdbc.internal.AbstractLogicalConnectionImplementor.begin(AbstractLogicalConnectionImplementor.java:72)
	at org.hibernate.resource.jdbc.internal.LogicalConnectionManagedImpl.begin(LogicalConnectionManagedImpl.java:282)
	at org.hibernate.resource.transaction.backend.jdbc.internal.JdbcResourceLocalTransactionCoordinatorImpl$TransactionDriverControlImpl.begin(JdbcResourceLocalTransactionCoordinatorImpl.java:232)
	at org.hibernate.engine.transaction.internal.TransactionImpl.begin(TransactionImpl.java:83)
	at org.springframework.orm.jpa.vendor.HibernateJpaDialect.beginTransaction(HibernateJpaDialect.java:176)
	at org.springframework.orm.jpa.JpaTransactionManager.doBegin(JpaTransactionManager.java:420)
	at org.springframework.transaction.support.AbstractPlatformTransactionManager.startTransaction(AbstractPlatformTransactionManager.java:531)
	at org.springframework.transaction.support.AbstractPlatformTransactionManager.getTransaction(AbstractPlatformTransactionManager.java:405)
	at org.springframework.transaction.support.TransactionTemplate.execute(TransactionTemplate.java:137)
	at com.tsmc.autochannel.service.TransferLogService.logStart(TransferLogService.java:43)
	at com.tsmc.autochannel.component.Stdf2CsvComponent.execute(Stdf2CsvComponent.java:33)
	at com.tsmc.autochannel.component.AutoComponent.runStdf2Csv(AutoComponent.java:97)
	at java.base/java.util.concurrent.Executors$RunnableAdapter.call(Executors.java:539)
	at java.base/java.util.concurrent.FutureTask.runAndReset(FutureTask.java:305)
	at java.base/java.util.concurrent.ScheduledThreadPoolExecutor$ScheduledFutureTask.run(ScheduledThreadPoolExecutor.java:305)
	at java.base/java.util.concurrent.ThreadPoolExecutor.runWorker(ThreadPoolExecutor.java:1136)
	at java.base/java.util.concurrent.ThreadPoolExecutor$Worker.run(ThreadPoolExecutor.java:635)
	at java.base/java.lang.Thread.run(Thread.java:840)
Caused by: java.net.SocketTimeoutException: Read timed out
	at java.base/sun.nio.ch.NioSocketImpl.timedRead(NioSocketImpl.java:288)
	at java.base/sun.nio.ch.NioSocketImpl.implRead(NioSocketImpl.java:314)
	at java.base/sun.nio.ch.NioSocketImpl.read(NioSocketImpl.java:355)
	at java.base/sun.nio.ch.NioSocketImpl$1.read(NioSocketImpl.java:808)
	at java.base/java.net.Socket$SocketInputStream.read(Socket.java:966)
	at java.base/java.io.BufferedInputStream.fill(BufferedInputStream.java:244)
	at java.base/java.io.BufferedInputStream.read1(BufferedInputStream.java:284)
	at java.base/java.io.BufferedInputStream.read(BufferedInputStream.java:343)
	at org.mariadb.jdbc.client.socket.impl.PacketReader.readReusablePacket(PacketReader.java:62)
	at org.mariadb.jdbc.message.ClientMessage.readPacket(ClientMessage.java:153)
	at org.mariadb.jdbc.client.impl.StandardClient.readPacket(StandardClient.java:915)
	... 25 common frames omitted
2026-05-07 22:53:43.945 [pool-3-thread-2] ERROR c.t.a.m.LoggingObservationHandler - [obs] ERROR name=mariadb keys=[keyValue(action=insert),keyValue(error=connection_failure),keyValue(operation=STDF_CONVERT)], [keyValue(channelId=CH002),keyValue(filename=raw/data_1778165622634.stdf),keyValue(status=IN_PROGRESS)], error=Could not open JPA EntityManager for transaction
2026-05-07 22:53:43.947 [pool-3-thread-2] INFO  c.t.a.m.LoggingObservationHandler - [obs] STOP name=mariadb keys=[keyValue(action=insert),keyValue(error=connection_failure),keyValue(operation=STDF_CONVERT)], [keyValue(channelId=CH002),keyValue(filename=raw/data_1778165622634.stdf),keyValue(status=IN_PROGRESS)]
2026-05-07 22:53:43.947 [pool-3-thread-2] ERROR c.t.a.component.AutoComponent - [auto] stdf2csv error: Could not open JPA EntityManager for transaction
org.springframework.transaction.CannotCreateTransactionException: Could not open JPA EntityManager for transaction
	at org.springframework.orm.jpa.JpaTransactionManager.doBegin(JpaTransactionManager.java:466)
	at org.springframework.transaction.support.AbstractPlatformTransactionManager.startTransaction(AbstractPlatformTransactionManager.java:531)
	at org.springframework.transaction.support.AbstractPlatformTransactionManager.getTransaction(AbstractPlatformTransactionManager.java:405)
	at org.springframework.transaction.support.TransactionTemplate.execute(TransactionTemplate.java:137)
	at com.tsmc.autochannel.service.TransferLogService.logStart(TransferLogService.java:43)
	at com.tsmc.autochannel.component.Stdf2CsvComponent.execute(Stdf2CsvComponent.java:33)
	at com.tsmc.autochannel.component.AutoComponent.runStdf2Csv(AutoComponent.java:97)
	at java.base/java.util.concurrent.Executors$RunnableAdapter.call(Executors.java:539)
	at java.base/java.util.concurrent.FutureTask.runAndReset(FutureTask.java:305)
	at java.base/java.util.concurrent.ScheduledThreadPoolExecutor$ScheduledFutureTask.run(ScheduledThreadPoolExecutor.java:305)
	at java.base/java.util.concurrent.ThreadPoolExecutor.runWorker(ThreadPoolExecutor.java:1136)
	at java.base/java.util.concurrent.ThreadPoolExecutor$Worker.run(ThreadPoolExecutor.java:635)
	at java.base/java.lang.Thread.run(Thread.java:840)
Caused by: org.hibernate.TransactionException: JDBC begin transaction failed: 
	at org.hibernate.resource.jdbc.internal.AbstractLogicalConnectionImplementor.begin(AbstractLogicalConnectionImplementor.java:78)
	at org.hibernate.resource.jdbc.internal.LogicalConnectionManagedImpl.begin(LogicalConnectionManagedImpl.java:282)
	at org.hibernate.resource.transaction.backend.jdbc.internal.JdbcResourceLocalTransactionCoordinatorImpl$TransactionDriverControlImpl.begin(JdbcResourceLocalTransactionCoordinatorImpl.java:232)
	at org.hibernate.engine.transaction.internal.TransactionImpl.begin(TransactionImpl.java:83)
	at org.springframework.orm.jpa.vendor.HibernateJpaDialect.beginTransaction(HibernateJpaDialect.java:176)
	at org.springframework.orm.jpa.JpaTransactionManager.doBegin(JpaTransactionManager.java:420)
	... 12 common frames omitted
Caused by: java.sql.SQLNonTransientConnectionException: (conn=1098) Socket timout error
	at org.mariadb.jdbc.export.ExceptionFactory.createException(ExceptionFactory.java:300)
	at org.mariadb.jdbc.export.ExceptionFactory.create(ExceptionFactory.java:366)
	at org.mariadb.jdbc.client.impl.StandardClient.readPacket(StandardClient.java:938)
	at org.mariadb.jdbc.client.impl.StandardClient.readResults(StandardClient.java:854)
	at org.mariadb.jdbc.client.impl.StandardClient.readResponse(StandardClient.java:773)
	at org.mariadb.jdbc.client.impl.StandardClient.execute(StandardClient.java:697)
	at org.mariadb.jdbc.client.impl.StandardClient.execute(StandardClient.java:553)
	at org.mariadb.jdbc.Connection.setAutoCommit(Connection.java:204)
	at com.zaxxer.hikari.pool.ProxyConnection.setAutoCommit(ProxyConnection.java:401)
	at com.zaxxer.hikari.pool.HikariProxyConnection.setAutoCommit(HikariProxyConnection.java)
	at org.hibernate.resource.jdbc.internal.AbstractLogicalConnectionImplementor.begin(AbstractLogicalConnectionImplementor.java:72)
	... 17 common frames omitted
Caused by: java.net.SocketTimeoutException: Read timed out
	at java.base/sun.nio.ch.NioSocketImpl.timedRead(NioSocketImpl.java:288)
	at java.base/sun.nio.ch.NioSocketImpl.implRead(NioSocketImpl.java:314)
	at java.base/sun.nio.ch.NioSocketImpl.read(NioSocketImpl.java:355)
	at java.base/sun.nio.ch.NioSocketImpl$1.read(NioSocketImpl.java:808)
	at java.base/java.net.Socket$SocketInputStream.read(Socket.java:966)
	at java.base/java.io.BufferedInputStream.fill(BufferedInputStream.java:244)
	at java.base/java.io.BufferedInputStream.read1(BufferedInputStream.java:284)
	at java.base/java.io.BufferedInputStream.read(BufferedInputStream.java:343)
	at org.mariadb.jdbc.client.socket.impl.PacketReader.readReusablePacket(PacketReader.java:62)
	at org.mariadb.jdbc.message.ClientMessage.readPacket(ClientMessage.java:153)
	at org.mariadb.jdbc.client.impl.StandardClient.readPacket(StandardClient.java:915)
	... 25 common frames omitted
2026-05-07 22:53:47.637 [pool-3-thread-3] INFO  c.t.a.component.AutoComponent - [auto] sftpUpload start (channelId=CH005)
2026-05-07 22:53:47.638 [pool-3-thread-3] INFO  c.t.a.m.LoggingObservationHandler - [obs] START name=mariadb keys=[keyValue(action=insert),keyValue(operation=SFTP_UPLOAD)], [keyValue(channelId=CH005),keyValue(filename=data_1778165627638_parsed.csv),keyValue(status=IN_PROGRESS)]
2026-05-07 22:53:47.662 [pool-2-thread-1] INFO  c.t.a.c.GenerateFilesComponent - [generateFiles] Generating 3 file(s) into mock_nas/source/...
2026-05-07 22:53:47.664 [pool-2-thread-1] INFO  c.t.a.c.GenerateFilesComponent - [generateFiles] Created mock_nas/source/alpha/data_1778165627664_0.stdf (channelId=CH001, channel=Channel Alpha)
2026-05-07 22:53:47.669 [pool-2-thread-1] INFO  c.t.a.c.GenerateFilesComponent - [generateFiles] Created mock_nas/source/alpha/data_1778165627665_1.stdf (channelId=CH001, channel=Channel Alpha)
2026-05-07 22:53:47.673 [pool-2-thread-1] INFO  c.t.a.c.GenerateFilesComponent - [generateFiles] Created mock_nas/source/alpha/data_1778165627669_2.stdf (channelId=CH001, channel=Channel Alpha)
2026-05-07 22:53:47.673 [pool-2-thread-1] INFO  c.t.a.c.GenerateFilesComponent - [generateFiles] Done — 3 file(s) generated
2026-05-07 22:53:48.999 [pool-3-thread-3] WARN  c.zaxxer.hikari.pool.ProxyConnection - HikariPool-1 - Connection org.mariadb.jdbc.Connection@64db56c8 marked as broken because of SQLSTATE(08000), ErrorCode(-1)
java.sql.SQLNonTransientConnectionException: (conn=1099) Socket timout error
	at org.mariadb.jdbc.export.ExceptionFactory.createException(ExceptionFactory.java:300)
	at org.mariadb.jdbc.export.ExceptionFactory.create(ExceptionFactory.java:366)
	at org.mariadb.jdbc.client.impl.StandardClient.readPacket(StandardClient.java:938)
	at org.mariadb.jdbc.client.impl.StandardClient.readResults(StandardClient.java:854)
	at org.mariadb.jdbc.client.impl.StandardClient.readResponse(StandardClient.java:773)
	at org.mariadb.jdbc.client.impl.StandardClient.execute(StandardClient.java:697)
	at org.mariadb.jdbc.client.impl.StandardClient.execute(StandardClient.java:553)
	at org.mariadb.jdbc.Connection.setAutoCommit(Connection.java:204)
	at com.zaxxer.hikari.pool.ProxyConnection.setAutoCommit(ProxyConnection.java:401)
	at com.zaxxer.hikari.pool.HikariProxyConnection.setAutoCommit(HikariProxyConnection.java)
	at org.hibernate.resource.jdbc.internal.AbstractLogicalConnectionImplementor.begin(AbstractLogicalConnectionImplementor.java:72)
	at org.hibernate.resource.jdbc.internal.LogicalConnectionManagedImpl.begin(LogicalConnectionManagedImpl.java:282)
	at org.hibernate.resource.transaction.backend.jdbc.internal.JdbcResourceLocalTransactionCoordinatorImpl$TransactionDriverControlImpl.begin(JdbcResourceLocalTransactionCoordinatorImpl.java:232)
	at org.hibernate.engine.transaction.internal.TransactionImpl.begin(TransactionImpl.java:83)
	at org.springframework.orm.jpa.vendor.HibernateJpaDialect.beginTransaction(HibernateJpaDialect.java:176)
	at org.springframework.orm.jpa.JpaTransactionManager.doBegin(JpaTransactionManager.java:420)
	at org.springframework.transaction.support.AbstractPlatformTransactionManager.startTransaction(AbstractPlatformTransactionManager.java:531)
	at org.springframework.transaction.support.AbstractPlatformTransactionManager.getTransaction(AbstractPlatformTransactionManager.java:405)
	at org.springframework.transaction.support.TransactionTemplate.execute(TransactionTemplate.java:137)
	at com.tsmc.autochannel.service.TransferLogService.logStart(TransferLogService.java:43)
	at com.tsmc.autochannel.component.SftpUploadComponent.execute(SftpUploadComponent.java:36)
	at com.tsmc.autochannel.component.AutoComponent.runSftpUpload(AutoComponent.java:107)
	at java.base/java.util.concurrent.Executors$RunnableAdapter.call(Executors.java:539)
	at java.base/java.util.concurrent.FutureTask.runAndReset(FutureTask.java:305)
	at java.base/java.util.concurrent.ScheduledThreadPoolExecutor$ScheduledFutureTask.run(ScheduledThreadPoolExecutor.java:305)
	at java.base/java.util.concurrent.ThreadPoolExecutor.runWorker(ThreadPoolExecutor.java:1136)
	at java.base/java.util.concurrent.ThreadPoolExecutor$Worker.run(ThreadPoolExecutor.java:635)
	at java.base/java.lang.Thread.run(Thread.java:840)
Caused by: java.net.SocketTimeoutException: Read timed out
	at java.base/sun.nio.ch.NioSocketImpl.timedRead(NioSocketImpl.java:288)
	at java.base/sun.nio.ch.NioSocketImpl.implRead(NioSocketImpl.java:314)
	at java.base/sun.nio.ch.NioSocketImpl.read(NioSocketImpl.java:355)
	at java.base/sun.nio.ch.NioSocketImpl$1.read(NioSocketImpl.java:808)
	at java.base/java.net.Socket$SocketInputStream.read(Socket.java:966)
	at java.base/java.io.BufferedInputStream.fill(BufferedInputStream.java:244)
	at java.base/java.io.BufferedInputStream.read1(BufferedInputStream.java:284)
	at java.base/java.io.BufferedInputStream.read(BufferedInputStream.java:343)
	at org.mariadb.jdbc.client.socket.impl.PacketReader.readReusablePacket(PacketReader.java:62)
	at org.mariadb.jdbc.message.ClientMessage.readPacket(ClientMessage.java:153)
	at org.mariadb.jdbc.client.impl.StandardClient.readPacket(StandardClient.java:915)
	... 25 common frames omitted
2026-05-07 22:53:49.007 [pool-3-thread-3] ERROR c.t.a.m.LoggingObservationHandler - [obs] ERROR name=mariadb keys=[keyValue(action=insert),keyValue(error=connection_failure),keyValue(operation=SFTP_UPLOAD)], [keyValue(channelId=CH005),keyValue(filename=data_1778165627638_parsed.csv),keyValue(status=IN_PROGRESS)], error=Could not open JPA EntityManager for transaction
2026-05-07 22:53:49.007 [pool-3-thread-3] INFO  c.t.a.m.LoggingObservationHandler - [obs] STOP name=mariadb keys=[keyValue(action=insert),keyValue(error=connection_failure),keyValue(operation=SFTP_UPLOAD)], [keyValue(channelId=CH005),keyValue(filename=data_1778165627638_parsed.csv),keyValue(status=IN_PROGRESS)]
2026-05-07 22:53:49.008 [pool-3-thread-3] ERROR c.t.a.component.AutoComponent - [auto] sftpUpload error: Could not open JPA EntityManager for transaction
org.springframework.transaction.CannotCreateTransactionException: Could not open JPA EntityManager for transaction
	at org.springframework.orm.jpa.JpaTransactionManager.doBegin(JpaTransactionManager.java:466)
	at org.springframework.transaction.support.AbstractPlatformTransactionManager.startTransaction(AbstractPlatformTransactionManager.java:531)
	at org.springframework.transaction.support.AbstractPlatformTransactionManager.getTransaction(AbstractPlatformTransactionManager.java:405)
	at org.springframework.transaction.support.TransactionTemplate.execute(TransactionTemplate.java:137)
	at com.tsmc.autochannel.service.TransferLogService.logStart(TransferLogService.java:43)
	at com.tsmc.autochannel.component.SftpUploadComponent.execute(SftpUploadComponent.java:36)
	at com.tsmc.autochannel.component.AutoComponent.runSftpUpload(AutoComponent.java:107)
	at java.base/java.util.concurrent.Executors$RunnableAdapter.call(Executors.java:539)
	at java.base/java.util.concurrent.FutureTask.runAndReset(FutureTask.java:305)
	at java.base/java.util.concurrent.ScheduledThreadPoolExecutor$ScheduledFutureTask.run(ScheduledThreadPoolExecutor.java:305)
	at java.base/java.util.concurrent.ThreadPoolExecutor.runWorker(ThreadPoolExecutor.java:1136)
	at java.base/java.util.concurrent.ThreadPoolExecutor$Worker.run(ThreadPoolExecutor.java:635)
	at java.base/java.lang.Thread.run(Thread.java:840)
Caused by: org.hibernate.TransactionException: JDBC begin transaction failed: 
	at org.hibernate.resource.jdbc.internal.AbstractLogicalConnectionImplementor.begin(AbstractLogicalConnectionImplementor.java:78)
	at org.hibernate.resource.jdbc.internal.LogicalConnectionManagedImpl.begin(LogicalConnectionManagedImpl.java:282)
	at org.hibernate.resource.transaction.backend.jdbc.internal.JdbcResourceLocalTransactionCoordinatorImpl$TransactionDriverControlImpl.begin(JdbcResourceLocalTransactionCoordinatorImpl.java:232)
	at org.hibernate.engine.transaction.internal.TransactionImpl.begin(TransactionImpl.java:83)
	at org.springframework.orm.jpa.vendor.HibernateJpaDialect.beginTransaction(HibernateJpaDialect.java:176)
	at org.springframework.orm.jpa.JpaTransactionManager.doBegin(JpaTransactionManager.java:420)
	... 12 common frames omitted
Caused by: java.sql.SQLNonTransientConnectionException: (conn=1099) Socket timout error
	at org.mariadb.jdbc.export.ExceptionFactory.createException(ExceptionFactory.java:300)
	at org.mariadb.jdbc.export.ExceptionFactory.create(ExceptionFactory.java:366)
	at org.mariadb.jdbc.client.impl.StandardClient.readPacket(StandardClient.java:938)
	at org.mariadb.jdbc.client.impl.StandardClient.readResults(StandardClient.java:854)
	at org.mariadb.jdbc.client.impl.StandardClient.readResponse(StandardClient.java:773)
	at org.mariadb.jdbc.client.impl.StandardClient.execute(StandardClient.java:697)
	at org.mariadb.jdbc.client.impl.StandardClient.execute(StandardClient.java:553)
	at org.mariadb.jdbc.Connection.setAutoCommit(Connection.java:204)
	at com.zaxxer.hikari.pool.ProxyConnection.setAutoCommit(ProxyConnection.java:401)
	at com.zaxxer.hikari.pool.HikariProxyConnection.setAutoCommit(HikariProxyConnection.java)
	at org.hibernate.resource.jdbc.internal.AbstractLogicalConnectionImplementor.begin(AbstractLogicalConnectionImplementor.java:72)
	... 17 common frames omitted
Caused by: java.net.SocketTimeoutException: Read timed out
	at java.base/sun.nio.ch.NioSocketImpl.timedRead(NioSocketImpl.java:288)
	at java.base/sun.nio.ch.NioSocketImpl.implRead(NioSocketImpl.java:314)
	at java.base/sun.nio.ch.NioSocketImpl.read(NioSocketImpl.java:355)
	at java.base/sun.nio.ch.NioSocketImpl$1.read(NioSocketImpl.java:808)
	at java.base/java.net.Socket$SocketInputStream.read(Socket.java:966)
	at java.base/java.io.BufferedInputStream.fill(BufferedInputStream.java:244)
	at java.base/java.io.BufferedInputStream.read1(BufferedInputStream.java:284)
	at java.base/java.io.BufferedInputStream.read(BufferedInputStream.java:343)
	at org.mariadb.jdbc.client.socket.impl.PacketReader.readReusablePacket(PacketReader.java:62)
	at org.mariadb.jdbc.message.ClientMessage.readPacket(ClientMessage.java:153)
	at org.mariadb.jdbc.client.impl.StandardClient.readPacket(StandardClient.java:915)
	... 25 common frames omitted
2026-05-07 22:53:54.657 [pool-2-thread-2] INFO  c.t.a.c.GenerateFilesComponent - [generateFiles] Generating 3 file(s) into mock_nas/source/...
2026-05-07 22:53:54.663 [pool-2-thread-2] INFO  c.t.a.c.GenerateFilesComponent - [generateFiles] Created mock_nas/source/gamma/data_1778165634660_0.stdf (channelId=CH003, channel=Channel Gamma)
2026-05-07 22:53:54.668 [pool-2-thread-2] INFO  c.t.a.c.GenerateFilesComponent - [generateFiles] Created mock_nas/source/alpha/data_1778165634664_1.stdf (channelId=CH001, channel=Channel Alpha)
2026-05-07 22:53:54.670 [pool-2-thread-2] INFO  c.t.a.c.GenerateFilesComponent - [generateFiles] Created mock_nas/source/alpha/data_1778165634669_2.stdf (channelId=CH001, channel=Channel Alpha)
2026-05-07 22:53:54.670 [pool-2-thread-2] INFO  c.t.a.c.GenerateFilesComponent - [generateFiles] Done — 3 file(s) generated
2026-05-07 22:53:57.636 [pool-3-thread-1] INFO  c.t.a.component.AutoComponent - [auto] sftpDownload start (channelId=CH004)
2026-05-07 22:53:57.637 [pool-3-thread-1] INFO  c.t.a.m.LoggingObservationHandler - [obs] START name=mariadb keys=[keyValue(action=insert),keyValue(operation=SFTP_DOWNLOAD)], [keyValue(channelId=CH004),keyValue(filename=data_1778165637637.stdf),keyValue(status=IN_PROGRESS)]
2026-05-07 22:53:58.949 [pool-3-thread-1] WARN  c.zaxxer.hikari.pool.ProxyConnection - HikariPool-1 - Connection org.mariadb.jdbc.Connection@3729cdf8 marked as broken because of SQLSTATE(08000), ErrorCode(-1)
java.sql.SQLNonTransientConnectionException: (conn=1100) Socket timout error
	at org.mariadb.jdbc.export.ExceptionFactory.createException(ExceptionFactory.java:300)
	at org.mariadb.jdbc.export.ExceptionFactory.create(ExceptionFactory.java:366)
	at org.mariadb.jdbc.client.impl.StandardClient.readPacket(StandardClient.java:938)
	at org.mariadb.jdbc.client.impl.StandardClient.readResults(StandardClient.java:854)
	at org.mariadb.jdbc.client.impl.StandardClient.readResponse(StandardClient.java:773)
	at org.mariadb.jdbc.client.impl.StandardClient.execute(StandardClient.java:697)
	at org.mariadb.jdbc.client.impl.StandardClient.execute(StandardClient.java:553)
	at org.mariadb.jdbc.Connection.setAutoCommit(Connection.java:204)
	at com.zaxxer.hikari.pool.ProxyConnection.setAutoCommit(ProxyConnection.java:401)
	at com.zaxxer.hikari.pool.HikariProxyConnection.setAutoCommit(HikariProxyConnection.java)
	at org.hibernate.resource.jdbc.internal.AbstractLogicalConnectionImplementor.begin(AbstractLogicalConnectionImplementor.java:72)
	at org.hibernate.resource.jdbc.internal.LogicalConnectionManagedImpl.begin(LogicalConnectionManagedImpl.java:282)
	at org.hibernate.resource.transaction.backend.jdbc.internal.JdbcResourceLocalTransactionCoordinatorImpl$TransactionDriverControlImpl.begin(JdbcResourceLocalTransactionCoordinatorImpl.java:232)
	at org.hibernate.engine.transaction.internal.TransactionImpl.begin(TransactionImpl.java:83)
	at org.springframework.orm.jpa.vendor.HibernateJpaDialect.beginTransaction(HibernateJpaDialect.java:176)
	at org.springframework.orm.jpa.JpaTransactionManager.doBegin(JpaTransactionManager.java:420)
	at org.springframework.transaction.support.AbstractPlatformTransactionManager.startTransaction(AbstractPlatformTransactionManager.java:531)
	at org.springframework.transaction.support.AbstractPlatformTransactionManager.getTransaction(AbstractPlatformTransactionManager.java:405)
	at org.springframework.transaction.support.TransactionTemplate.execute(TransactionTemplate.java:137)
	at com.tsmc.autochannel.service.TransferLogService.logStart(TransferLogService.java:43)
	at com.tsmc.autochannel.component.SftpDownloadComponent.execute(SftpDownloadComponent.java:35)
	at com.tsmc.autochannel.component.AutoComponent.runSftpDownload(AutoComponent.java:83)
	at java.base/java.util.concurrent.Executors$RunnableAdapter.call(Executors.java:539)
	at java.base/java.util.concurrent.FutureTask.runAndReset(FutureTask.java:305)
	at java.base/java.util.concurrent.ScheduledThreadPoolExecutor$ScheduledFutureTask.run(ScheduledThreadPoolExecutor.java:305)
	at java.base/java.util.concurrent.ThreadPoolExecutor.runWorker(ThreadPoolExecutor.java:1136)
	at java.base/java.util.concurrent.ThreadPoolExecutor$Worker.run(ThreadPoolExecutor.java:635)
	at java.base/java.lang.Thread.run(Thread.java:840)
Caused by: java.net.SocketTimeoutException: Read timed out
	at java.base/sun.nio.ch.NioSocketImpl.timedRead(NioSocketImpl.java:288)
	at java.base/sun.nio.ch.NioSocketImpl.implRead(NioSocketImpl.java:314)
	at java.base/sun.nio.ch.NioSocketImpl.read(NioSocketImpl.java:355)
	at java.base/sun.nio.ch.NioSocketImpl$1.read(NioSocketImpl.java:808)
	at java.base/java.net.Socket$SocketInputStream.read(Socket.java:966)
	at java.base/java.io.BufferedInputStream.fill(BufferedInputStream.java:244)
	at java.base/java.io.BufferedInputStream.read1(BufferedInputStream.java:284)
	at java.base/java.io.BufferedInputStream.read(BufferedInputStream.java:343)
	at org.mariadb.jdbc.client.socket.impl.PacketReader.readReusablePacket(PacketReader.java:62)
	at org.mariadb.jdbc.message.ClientMessage.readPacket(ClientMessage.java:153)
	at org.mariadb.jdbc.client.impl.StandardClient.readPacket(StandardClient.java:915)
	... 25 common frames omitted
2026-05-07 22:53:58.953 [pool-3-thread-1] ERROR c.t.a.m.LoggingObservationHandler - [obs] ERROR name=mariadb keys=[keyValue(action=insert),keyValue(error=connection_failure),keyValue(operation=SFTP_DOWNLOAD)], [keyValue(channelId=CH004),keyValue(filename=data_1778165637637.stdf),keyValue(status=IN_PROGRESS)], error=Could not open JPA EntityManager for transaction
2026-05-07 22:53:58.954 [pool-3-thread-1] INFO  c.t.a.m.LoggingObservationHandler - [obs] STOP name=mariadb keys=[keyValue(action=insert),keyValue(error=connection_failure),keyValue(operation=SFTP_DOWNLOAD)], [keyValue(channelId=CH004),keyValue(filename=data_1778165637637.stdf),keyValue(status=IN_PROGRESS)]
2026-05-07 22:53:58.956 [pool-3-thread-1] ERROR c.t.a.component.AutoComponent - [auto] sftpDownload error: Could not open JPA EntityManager for transaction
org.springframework.transaction.CannotCreateTransactionException: Could not open JPA EntityManager for transaction
	at org.springframework.orm.jpa.JpaTransactionManager.doBegin(JpaTransactionManager.java:466)
	at org.springframework.transaction.support.AbstractPlatformTransactionManager.startTransaction(AbstractPlatformTransactionManager.java:531)
	at org.springframework.transaction.support.AbstractPlatformTransactionManager.getTransaction(AbstractPlatformTransactionManager.java:405)
	at org.springframework.transaction.support.TransactionTemplate.execute(TransactionTemplate.java:137)
	at com.tsmc.autochannel.service.TransferLogService.logStart(TransferLogService.java:43)
	at com.tsmc.autochannel.component.SftpDownloadComponent.execute(SftpDownloadComponent.java:35)
	at com.tsmc.autochannel.component.AutoComponent.runSftpDownload(AutoComponent.java:83)
	at java.base/java.util.concurrent.Executors$RunnableAdapter.call(Executors.java:539)
	at java.base/java.util.concurrent.FutureTask.runAndReset(FutureTask.java:305)
	at java.base/java.util.concurrent.ScheduledThreadPoolExecutor$ScheduledFutureTask.run(ScheduledThreadPoolExecutor.java:305)
	at java.base/java.util.concurrent.ThreadPoolExecutor.runWorker(ThreadPoolExecutor.java:1136)
	at java.base/java.util.concurrent.ThreadPoolExecutor$Worker.run(ThreadPoolExecutor.java:635)
	at java.base/java.lang.Thread.run(Thread.java:840)
Caused by: org.hibernate.TransactionException: JDBC begin transaction failed: 
	at org.hibernate.resource.jdbc.internal.AbstractLogicalConnectionImplementor.begin(AbstractLogicalConnectionImplementor.java:78)
	at org.hibernate.resource.jdbc.internal.LogicalConnectionManagedImpl.begin(LogicalConnectionManagedImpl.java:282)
	at org.hibernate.resource.transaction.backend.jdbc.internal.JdbcResourceLocalTransactionCoordinatorImpl$TransactionDriverControlImpl.begin(JdbcResourceLocalTransactionCoordinatorImpl.java:232)
	at org.hibernate.engine.transaction.internal.TransactionImpl.begin(TransactionImpl.java:83)
	at org.springframework.orm.jpa.vendor.HibernateJpaDialect.beginTransaction(HibernateJpaDialect.java:176)
	at org.springframework.orm.jpa.JpaTransactionManager.doBegin(JpaTransactionManager.java:420)
	... 12 common frames omitted
Caused by: java.sql.SQLNonTransientConnectionException: (conn=1100) Socket timout error
	at org.mariadb.jdbc.export.ExceptionFactory.createException(ExceptionFactory.java:300)
	at org.mariadb.jdbc.export.ExceptionFactory.create(ExceptionFactory.java:366)
	at org.mariadb.jdbc.client.impl.StandardClient.readPacket(StandardClient.java:938)
	at org.mariadb.jdbc.client.impl.StandardClient.readResults(StandardClient.java:854)
	at org.mariadb.jdbc.client.impl.StandardClient.readResponse(StandardClient.java:773)
	at org.mariadb.jdbc.client.impl.StandardClient.execute(StandardClient.java:697)
	at org.mariadb.jdbc.client.impl.StandardClient.execute(StandardClient.java:553)
	at org.mariadb.jdbc.Connection.setAutoCommit(Connection.java:204)
	at com.zaxxer.hikari.pool.ProxyConnection.setAutoCommit(ProxyConnection.java:401)
	at com.zaxxer.hikari.pool.HikariProxyConnection.setAutoCommit(HikariProxyConnection.java)
	at org.hibernate.resource.jdbc.internal.AbstractLogicalConnectionImplementor.begin(AbstractLogicalConnectionImplementor.java:72)
	... 17 common frames omitted
Caused by: java.net.SocketTimeoutException: Read timed out
	at java.base/sun.nio.ch.NioSocketImpl.timedRead(NioSocketImpl.java:288)
	at java.base/sun.nio.ch.NioSocketImpl.implRead(NioSocketImpl.java:314)
	at java.base/sun.nio.ch.NioSocketImpl.read(NioSocketImpl.java:355)
	at java.base/sun.nio.ch.NioSocketImpl$1.read(NioSocketImpl.java:808)
	at java.base/java.net.Socket$SocketInputStream.read(Socket.java:966)
	at java.base/java.io.BufferedInputStream.fill(BufferedInputStream.java:244)
	at java.base/java.io.BufferedInputStream.read1(BufferedInputStream.java:284)
	at java.base/java.io.BufferedInputStream.read(BufferedInputStream.java:343)
	at org.mariadb.jdbc.client.socket.impl.PacketReader.readReusablePacket(PacketReader.java:62)
	at org.mariadb.jdbc.message.ClientMessage.readPacket(ClientMessage.java:153)
	at org.mariadb.jdbc.client.impl.StandardClient.readPacket(StandardClient.java:915)
	... 25 common frames omitted
2026-05-07 22:54:00.949 [SpringApplicationShutdownHook] INFO  c.t.a.component.AutoComponent - [auto] Shutting down executors...
2026-05-07 22:54:00.951 [SpringApplicationShutdownHook] INFO  o.s.o.j.LocalContainerEntityManagerFactoryBean - Closing JPA EntityManagerFactory for persistence unit 'default'
2026-05-07 22:54:00.955 [SpringApplicationShutdownHook] INFO  com.zaxxer.hikari.HikariDataSource - HikariPool-1 - Shutdown initiated...
2026-05-07 22:54:01.401 [SpringApplicationShutdownHook] INFO  com.zaxxer.hikari.HikariDataSource - HikariPool-1 - Shutdown completed.
2026-05-07 22:58:10.775 [main] INFO  c.t.a.AutoChannelApplication - Starting AutoChannelApplication using Java 17.0.18 with PID 41029 (/Users/chenyuqi/Desktop/alan/tsmc/autoChannel/target/classes started by chenyuqi in /Users/chenyuqi/Desktop/alan/tsmc/autoChannel)
2026-05-07 22:58:10.776 [main] INFO  c.t.a.AutoChannelApplication - The following 1 profile is active: "mock"
2026-05-07 22:58:11.009 [main] INFO  o.s.d.r.c.RepositoryConfigurationDelegate - Bootstrapping Spring Data JPA repositories in DEFAULT mode.
2026-05-07 22:58:11.024 [main] INFO  o.s.d.r.c.RepositoryConfigurationDelegate - Finished Spring Data repository scanning in 12 ms. Found 1 JPA repository interface.
2026-05-07 22:58:11.420 [main] INFO  o.s.b.w.e.tomcat.TomcatWebServer - Tomcat initialized with port 8080 (http)
2026-05-07 22:58:11.427 [main] INFO  o.a.catalina.core.StandardService - Starting service [Tomcat]
2026-05-07 22:58:11.427 [main] INFO  o.a.catalina.core.StandardEngine - Starting Servlet engine: [Apache Tomcat/10.1.20]
2026-05-07 22:58:11.458 [main] INFO  o.a.c.c.C.[Tomcat].[localhost].[/] - Initializing Spring embedded WebApplicationContext
2026-05-07 22:58:11.459 [main] INFO  o.s.b.w.s.c.ServletWebServerApplicationContext - Root WebApplicationContext: initialization completed in 660 ms
2026-05-07 22:58:11.605 [main] INFO  o.h.jpa.internal.util.LogHelper - HHH000204: Processing PersistenceUnitInfo [name: default]
2026-05-07 22:58:11.641 [main] INFO  org.hibernate.Version - HHH000412: Hibernate ORM core version 6.4.4.Final
2026-05-07 22:58:11.658 [main] INFO  o.h.c.i.RegionFactoryInitiator - HHH000026: Second-level cache disabled
2026-05-07 22:58:11.789 [main] INFO  o.s.o.j.p.SpringPersistenceUnitInfo - No LoadTimeWeaver setup: ignoring JPA class transformer
2026-05-07 22:58:11.800 [main] INFO  com.zaxxer.hikari.HikariDataSource - HikariPool-1 - Starting...
2026-05-07 22:58:11.856 [main] INFO  com.zaxxer.hikari.pool.HikariPool - HikariPool-1 - Added connection org.mariadb.jdbc.Connection@6ac9b66b
2026-05-07 22:58:11.857 [main] INFO  com.zaxxer.hikari.HikariDataSource - HikariPool-1 - Start completed.
2026-05-07 22:58:11.876 [main] WARN  org.hibernate.orm.deprecation - HHH90000025: MariaDBDialect does not need to be specified explicitly using 'hibernate.dialect' (remove the property setting and it will be selected by default)
2026-05-07 22:58:12.211 [main] INFO  o.h.e.t.j.p.i.JtaPlatformInitiator - HHH000489: No JTA platform available (set 'hibernate.transaction.jta.platform' to enable JTA platform integration)
2026-05-07 22:58:12.239 [main] INFO  o.s.o.j.LocalContainerEntityManagerFactoryBean - Initialized JPA EntityManagerFactory for persistence unit 'default'
2026-05-07 22:58:12.346 [main] INFO  o.s.d.j.r.query.QueryEnhancerFactory - Hibernate is in classpath; If applicable, HQL parser will be used.
2026-05-07 22:58:12.578 [main] WARN  o.s.b.a.o.j.JpaBaseConfiguration$JpaWebConfiguration - spring.jpa.open-in-view is enabled by default. Therefore, database queries may be performed during view rendering. Explicitly configure spring.jpa.open-in-view to disable this warning
2026-05-07 22:58:12.839 [main] INFO  o.s.b.a.e.web.EndpointLinksResolver - Exposing 7 endpoint(s) beneath base path '/actuator'
2026-05-07 22:58:12.879 [main] INFO  o.s.b.w.e.tomcat.TomcatWebServer - Tomcat started on port 8080 (http) with context path ''
2026-05-07 22:58:12.888 [main] INFO  c.t.a.AutoChannelApplication - Started AutoChannelApplication in 2.301 seconds (process running for 2.426)
2026-05-07 22:58:12.905 [main] INFO  c.t.a.AutoChannelApplication - Starting component: auto
2026-05-07 22:58:12.906 [main] INFO  c.t.a.component.AutoComponent - [auto] Starting auto mode — generate×2 threads, 3 scheduled jobs offset by 1 min each
2026-05-07 22:58:12.906 [main] INFO  c.t.a.component.AutoComponent - [auto] generateFiles thread-0 scheduled (initialDelay=0s, delay=15s)
2026-05-07 22:58:12.906 [pool-2-thread-1] INFO  c.t.a.c.GenerateFilesComponent - [generateFiles] Generating 3 file(s) into mock_nas/source/...
2026-05-07 22:58:12.906 [main] INFO  c.t.a.component.AutoComponent - [auto] generateFiles thread-1 scheduled (initialDelay=7s, delay=15s)
2026-05-07 22:58:12.907 [main] INFO  c.t.a.component.AutoComponent - [auto] sftpDownload scheduled (initialDelay=0s, period=20s)
2026-05-07 22:58:12.907 [pool-3-thread-1] INFO  c.t.a.component.AutoComponent - [auto] sftpDownload start (channelId=CH004)
2026-05-07 22:58:12.907 [main] INFO  c.t.a.component.AutoComponent - [auto] stdf2csv scheduled (initialDelay=60s, period=20s)
2026-05-07 22:58:12.907 [main] INFO  c.t.a.component.AutoComponent - [auto] sftpUpload scheduled (initialDelay=120s, period=20s)
2026-05-07 22:58:12.907 [main] INFO  c.t.a.component.AutoComponent - [auto] All schedulers running. Press Ctrl+C to stop.
2026-05-07 22:58:12.909 [pool-3-thread-1] INFO  c.t.a.m.LoggingObservationHandler - [obs] START name=mariadb keys=[keyValue(action=insert),keyValue(operation=SFTP_DOWNLOAD)], [keyValue(channelId=CH004),keyValue(filename=data_1778165892907.stdf),keyValue(status=IN_PROGRESS)]
2026-05-07 22:58:12.910 [pool-2-thread-1] INFO  c.t.a.c.GenerateFilesComponent - [generateFiles] Created mock_nas/source/alpha/data_1778165892907_0.stdf (channelId=CH001, channel=Channel Alpha)
2026-05-07 22:58:12.911 [pool-2-thread-1] INFO  c.t.a.c.GenerateFilesComponent - [generateFiles] Created mock_nas/source/epsilon/data_1778165892910_1.stdf (channelId=CH005, channel=Channel Epsilon)
2026-05-07 22:58:12.911 [pool-2-thread-1] INFO  c.t.a.c.GenerateFilesComponent - [generateFiles] Created mock_nas/source/delta/data_1778165892911_2.stdf (channelId=CH004, channel=Channel Delta)
2026-05-07 22:58:12.911 [pool-2-thread-1] INFO  c.t.a.c.GenerateFilesComponent - [generateFiles] Done — 3 file(s) generated
2026-05-07 22:58:14.218 [pool-3-thread-1] WARN  c.zaxxer.hikari.pool.ProxyConnection - HikariPool-1 - Connection org.mariadb.jdbc.Connection@6ac9b66b marked as broken because of SQLSTATE(08000), ErrorCode(-1)
java.sql.SQLNonTransientConnectionException: (conn=1169) Socket timout error
	at org.mariadb.jdbc.export.ExceptionFactory.createException(ExceptionFactory.java:300)
	at org.mariadb.jdbc.export.ExceptionFactory.create(ExceptionFactory.java:366)
	at org.mariadb.jdbc.client.impl.StandardClient.readPacket(StandardClient.java:938)
	at org.mariadb.jdbc.client.impl.StandardClient.readResults(StandardClient.java:854)
	at org.mariadb.jdbc.client.impl.StandardClient.readResponse(StandardClient.java:773)
	at org.mariadb.jdbc.client.impl.StandardClient.execute(StandardClient.java:697)
	at org.mariadb.jdbc.client.impl.StandardClient.execute(StandardClient.java:553)
	at org.mariadb.jdbc.Connection.setAutoCommit(Connection.java:204)
	at com.zaxxer.hikari.pool.ProxyConnection.setAutoCommit(ProxyConnection.java:401)
	at com.zaxxer.hikari.pool.HikariProxyConnection.setAutoCommit(HikariProxyConnection.java)
	at org.hibernate.resource.jdbc.internal.AbstractLogicalConnectionImplementor.begin(AbstractLogicalConnectionImplementor.java:72)
	at org.hibernate.resource.jdbc.internal.LogicalConnectionManagedImpl.begin(LogicalConnectionManagedImpl.java:282)
	at org.hibernate.resource.transaction.backend.jdbc.internal.JdbcResourceLocalTransactionCoordinatorImpl$TransactionDriverControlImpl.begin(JdbcResourceLocalTransactionCoordinatorImpl.java:232)
	at org.hibernate.engine.transaction.internal.TransactionImpl.begin(TransactionImpl.java:83)
	at org.springframework.orm.jpa.vendor.HibernateJpaDialect.beginTransaction(HibernateJpaDialect.java:176)
	at org.springframework.orm.jpa.JpaTransactionManager.doBegin(JpaTransactionManager.java:420)
	at org.springframework.transaction.support.AbstractPlatformTransactionManager.startTransaction(AbstractPlatformTransactionManager.java:531)
	at org.springframework.transaction.support.AbstractPlatformTransactionManager.getTransaction(AbstractPlatformTransactionManager.java:405)
	at org.springframework.transaction.support.TransactionTemplate.execute(TransactionTemplate.java:137)
	at com.tsmc.autochannel.service.TransferLogService.logStart(TransferLogService.java:43)
	at com.tsmc.autochannel.component.SftpDownloadComponent.execute(SftpDownloadComponent.java:35)
	at com.tsmc.autochannel.component.AutoComponent.runSftpDownload(AutoComponent.java:83)
	at java.base/java.util.concurrent.Executors$RunnableAdapter.call(Executors.java:539)
	at java.base/java.util.concurrent.FutureTask.runAndReset(FutureTask.java:305)
	at java.base/java.util.concurrent.ScheduledThreadPoolExecutor$ScheduledFutureTask.run(ScheduledThreadPoolExecutor.java:305)
	at java.base/java.util.concurrent.ThreadPoolExecutor.runWorker(ThreadPoolExecutor.java:1136)
	at java.base/java.util.concurrent.ThreadPoolExecutor$Worker.run(ThreadPoolExecutor.java:635)
	at java.base/java.lang.Thread.run(Thread.java:840)
Caused by: java.net.SocketTimeoutException: Read timed out
	at java.base/sun.nio.ch.NioSocketImpl.timedRead(NioSocketImpl.java:288)
	at java.base/sun.nio.ch.NioSocketImpl.implRead(NioSocketImpl.java:314)
	at java.base/sun.nio.ch.NioSocketImpl.read(NioSocketImpl.java:355)
	at java.base/sun.nio.ch.NioSocketImpl$1.read(NioSocketImpl.java:808)
	at java.base/java.net.Socket$SocketInputStream.read(Socket.java:966)
	at java.base/java.io.BufferedInputStream.fill(BufferedInputStream.java:244)
	at java.base/java.io.BufferedInputStream.read1(BufferedInputStream.java:284)
	at java.base/java.io.BufferedInputStream.read(BufferedInputStream.java:343)
	at org.mariadb.jdbc.client.socket.impl.PacketReader.readReusablePacket(PacketReader.java:62)
	at org.mariadb.jdbc.message.ClientMessage.readPacket(ClientMessage.java:153)
	at org.mariadb.jdbc.client.impl.StandardClient.readPacket(StandardClient.java:915)
	... 25 common frames omitted
2026-05-07 22:58:14.224 [pool-3-thread-1] ERROR c.t.a.m.LoggingObservationHandler - [obs] ERROR name=mariadb keys=[keyValue(action=insert),keyValue(error=connection_failure),keyValue(operation=SFTP_DOWNLOAD)], [keyValue(channelId=CH004),keyValue(filename=data_1778165892907.stdf),keyValue(status=IN_PROGRESS)], error=Could not open JPA EntityManager for transaction
2026-05-07 22:58:14.226 [pool-3-thread-1] INFO  c.t.a.m.LoggingObservationHandler - [obs] STOP name=mariadb keys=[keyValue(action=insert),keyValue(error=connection_failure),keyValue(operation=SFTP_DOWNLOAD)], [keyValue(channelId=CH004),keyValue(filename=data_1778165892907.stdf),keyValue(status=IN_PROGRESS)]
2026-05-07 22:58:14.226 [pool-3-thread-1] ERROR c.t.a.component.AutoComponent - [auto] sftpDownload error: Could not open JPA EntityManager for transaction
org.springframework.transaction.CannotCreateTransactionException: Could not open JPA EntityManager for transaction
	at org.springframework.orm.jpa.JpaTransactionManager.doBegin(JpaTransactionManager.java:466)
	at org.springframework.transaction.support.AbstractPlatformTransactionManager.startTransaction(AbstractPlatformTransactionManager.java:531)
	at org.springframework.transaction.support.AbstractPlatformTransactionManager.getTransaction(AbstractPlatformTransactionManager.java:405)
	at org.springframework.transaction.support.TransactionTemplate.execute(TransactionTemplate.java:137)
	at com.tsmc.autochannel.service.TransferLogService.logStart(TransferLogService.java:43)
	at com.tsmc.autochannel.component.SftpDownloadComponent.execute(SftpDownloadComponent.java:35)
	at com.tsmc.autochannel.component.AutoComponent.runSftpDownload(AutoComponent.java:83)
	at java.base/java.util.concurrent.Executors$RunnableAdapter.call(Executors.java:539)
	at java.base/java.util.concurrent.FutureTask.runAndReset(FutureTask.java:305)
	at java.base/java.util.concurrent.ScheduledThreadPoolExecutor$ScheduledFutureTask.run(ScheduledThreadPoolExecutor.java:305)
	at java.base/java.util.concurrent.ThreadPoolExecutor.runWorker(ThreadPoolExecutor.java:1136)
	at java.base/java.util.concurrent.ThreadPoolExecutor$Worker.run(ThreadPoolExecutor.java:635)
	at java.base/java.lang.Thread.run(Thread.java:840)
Caused by: org.hibernate.TransactionException: JDBC begin transaction failed: 
	at org.hibernate.resource.jdbc.internal.AbstractLogicalConnectionImplementor.begin(AbstractLogicalConnectionImplementor.java:78)
	at org.hibernate.resource.jdbc.internal.LogicalConnectionManagedImpl.begin(LogicalConnectionManagedImpl.java:282)
	at org.hibernate.resource.transaction.backend.jdbc.internal.JdbcResourceLocalTransactionCoordinatorImpl$TransactionDriverControlImpl.begin(JdbcResourceLocalTransactionCoordinatorImpl.java:232)
	at org.hibernate.engine.transaction.internal.TransactionImpl.begin(TransactionImpl.java:83)
	at org.springframework.orm.jpa.vendor.HibernateJpaDialect.beginTransaction(HibernateJpaDialect.java:176)
	at org.springframework.orm.jpa.JpaTransactionManager.doBegin(JpaTransactionManager.java:420)
	... 12 common frames omitted
Caused by: java.sql.SQLNonTransientConnectionException: (conn=1169) Socket timout error
	at org.mariadb.jdbc.export.ExceptionFactory.createException(ExceptionFactory.java:300)
	at org.mariadb.jdbc.export.ExceptionFactory.create(ExceptionFactory.java:366)
	at org.mariadb.jdbc.client.impl.StandardClient.readPacket(StandardClient.java:938)
	at org.mariadb.jdbc.client.impl.StandardClient.readResults(StandardClient.java:854)
	at org.mariadb.jdbc.client.impl.StandardClient.readResponse(StandardClient.java:773)
	at org.mariadb.jdbc.client.impl.StandardClient.execute(StandardClient.java:697)
	at org.mariadb.jdbc.client.impl.StandardClient.execute(StandardClient.java:553)
	at org.mariadb.jdbc.Connection.setAutoCommit(Connection.java:204)
	at com.zaxxer.hikari.pool.ProxyConnection.setAutoCommit(ProxyConnection.java:401)
	at com.zaxxer.hikari.pool.HikariProxyConnection.setAutoCommit(HikariProxyConnection.java)
	at org.hibernate.resource.jdbc.internal.AbstractLogicalConnectionImplementor.begin(AbstractLogicalConnectionImplementor.java:72)
	... 17 common frames omitted
Caused by: java.net.SocketTimeoutException: Read timed out
	at java.base/sun.nio.ch.NioSocketImpl.timedRead(NioSocketImpl.java:288)
	at java.base/sun.nio.ch.NioSocketImpl.implRead(NioSocketImpl.java:314)
	at java.base/sun.nio.ch.NioSocketImpl.read(NioSocketImpl.java:355)
	at java.base/sun.nio.ch.NioSocketImpl$1.read(NioSocketImpl.java:808)
	at java.base/java.net.Socket$SocketInputStream.read(Socket.java:966)
	at java.base/java.io.BufferedInputStream.fill(BufferedInputStream.java:244)
	at java.base/java.io.BufferedInputStream.read1(BufferedInputStream.java:284)
	at java.base/java.io.BufferedInputStream.read(BufferedInputStream.java:343)
	at org.mariadb.jdbc.client.socket.impl.PacketReader.readReusablePacket(PacketReader.java:62)
	at org.mariadb.jdbc.message.ClientMessage.readPacket(ClientMessage.java:153)
	at org.mariadb.jdbc.client.impl.StandardClient.readPacket(StandardClient.java:915)
	... 25 common frames omitted
2026-05-07 22:58:17.910 [pool-3-thread-2] INFO  c.t.a.component.AutoComponent - [auto] stdf2csv start (channelId=CH005)
2026-05-07 22:58:17.912 [pool-3-thread-2] INFO  c.t.a.m.LoggingObservationHandler - [obs] START name=mariadb keys=[keyValue(action=insert),keyValue(operation=STDF_CONVERT)], [keyValue(channelId=CH005),keyValue(filename=raw/data_1778165897911.stdf),keyValue(status=IN_PROGRESS)]
2026-05-07 22:58:19.228 [pool-3-thread-2] WARN  c.zaxxer.hikari.pool.ProxyConnection - HikariPool-1 - Connection org.mariadb.jdbc.Connection@36a986a5 marked as broken because of SQLSTATE(08000), ErrorCode(-1)
java.sql.SQLNonTransientConnectionException: (conn=1170) Socket timout error
	at org.mariadb.jdbc.export.ExceptionFactory.createException(ExceptionFactory.java:300)
	at org.mariadb.jdbc.export.ExceptionFactory.create(ExceptionFactory.java:366)
	at org.mariadb.jdbc.client.impl.StandardClient.readPacket(StandardClient.java:938)
	at org.mariadb.jdbc.client.impl.StandardClient.readResults(StandardClient.java:854)
	at org.mariadb.jdbc.client.impl.StandardClient.readResponse(StandardClient.java:773)
	at org.mariadb.jdbc.client.impl.StandardClient.execute(StandardClient.java:697)
	at org.mariadb.jdbc.client.impl.StandardClient.execute(StandardClient.java:553)
	at org.mariadb.jdbc.Connection.setAutoCommit(Connection.java:204)
	at com.zaxxer.hikari.pool.ProxyConnection.setAutoCommit(ProxyConnection.java:401)
	at com.zaxxer.hikari.pool.HikariProxyConnection.setAutoCommit(HikariProxyConnection.java)
	at org.hibernate.resource.jdbc.internal.AbstractLogicalConnectionImplementor.begin(AbstractLogicalConnectionImplementor.java:72)
	at org.hibernate.resource.jdbc.internal.LogicalConnectionManagedImpl.begin(LogicalConnectionManagedImpl.java:282)
	at org.hibernate.resource.transaction.backend.jdbc.internal.JdbcResourceLocalTransactionCoordinatorImpl$TransactionDriverControlImpl.begin(JdbcResourceLocalTransactionCoordinatorImpl.java:232)
	at org.hibernate.engine.transaction.internal.TransactionImpl.begin(TransactionImpl.java:83)
	at org.springframework.orm.jpa.vendor.HibernateJpaDialect.beginTransaction(HibernateJpaDialect.java:176)
	at org.springframework.orm.jpa.JpaTransactionManager.doBegin(JpaTransactionManager.java:420)
	at org.springframework.transaction.support.AbstractPlatformTransactionManager.startTransaction(AbstractPlatformTransactionManager.java:531)
	at org.springframework.transaction.support.AbstractPlatformTransactionManager.getTransaction(AbstractPlatformTransactionManager.java:405)
	at org.springframework.transaction.support.TransactionTemplate.execute(TransactionTemplate.java:137)
	at com.tsmc.autochannel.service.TransferLogService.logStart(TransferLogService.java:43)
	at com.tsmc.autochannel.component.Stdf2CsvComponent.execute(Stdf2CsvComponent.java:33)
	at com.tsmc.autochannel.component.AutoComponent.runStdf2Csv(AutoComponent.java:97)
	at java.base/java.util.concurrent.Executors$RunnableAdapter.call(Executors.java:539)
	at java.base/java.util.concurrent.FutureTask.runAndReset(FutureTask.java:305)
	at java.base/java.util.concurrent.ScheduledThreadPoolExecutor$ScheduledFutureTask.run(ScheduledThreadPoolExecutor.java:305)
	at java.base/java.util.concurrent.ThreadPoolExecutor.runWorker(ThreadPoolExecutor.java:1136)
	at java.base/java.util.concurrent.ThreadPoolExecutor$Worker.run(ThreadPoolExecutor.java:635)
	at java.base/java.lang.Thread.run(Thread.java:840)
Caused by: java.net.SocketTimeoutException: Read timed out
	at java.base/sun.nio.ch.NioSocketImpl.timedRead(NioSocketImpl.java:288)
	at java.base/sun.nio.ch.NioSocketImpl.implRead(NioSocketImpl.java:314)
	at java.base/sun.nio.ch.NioSocketImpl.read(NioSocketImpl.java:355)
	at java.base/sun.nio.ch.NioSocketImpl$1.read(NioSocketImpl.java:808)
	at java.base/java.net.Socket$SocketInputStream.read(Socket.java:966)
	at java.base/java.io.BufferedInputStream.fill(BufferedInputStream.java:244)
	at java.base/java.io.BufferedInputStream.read1(BufferedInputStream.java:284)
	at java.base/java.io.BufferedInputStream.read(BufferedInputStream.java:343)
	at org.mariadb.jdbc.client.socket.impl.PacketReader.readReusablePacket(PacketReader.java:62)
	at org.mariadb.jdbc.message.ClientMessage.readPacket(ClientMessage.java:153)
	at org.mariadb.jdbc.client.impl.StandardClient.readPacket(StandardClient.java:915)
	... 25 common frames omitted
2026-05-07 22:58:19.243 [pool-3-thread-2] ERROR c.t.a.m.LoggingObservationHandler - [obs] ERROR name=mariadb keys=[keyValue(action=insert),keyValue(error=connection_failure),keyValue(operation=STDF_CONVERT)], [keyValue(channelId=CH005),keyValue(filename=raw/data_1778165897911.stdf),keyValue(status=IN_PROGRESS)], error=Could not open JPA EntityManager for transaction
2026-05-07 22:58:19.243 [pool-3-thread-2] INFO  c.t.a.m.LoggingObservationHandler - [obs] STOP name=mariadb keys=[keyValue(action=insert),keyValue(error=connection_failure),keyValue(operation=STDF_CONVERT)], [keyValue(channelId=CH005),keyValue(filename=raw/data_1778165897911.stdf),keyValue(status=IN_PROGRESS)]
2026-05-07 22:58:19.244 [pool-3-thread-2] ERROR c.t.a.component.AutoComponent - [auto] stdf2csv error: Could not open JPA EntityManager for transaction
org.springframework.transaction.CannotCreateTransactionException: Could not open JPA EntityManager for transaction
	at org.springframework.orm.jpa.JpaTransactionManager.doBegin(JpaTransactionManager.java:466)
	at org.springframework.transaction.support.AbstractPlatformTransactionManager.startTransaction(AbstractPlatformTransactionManager.java:531)
	at org.springframework.transaction.support.AbstractPlatformTransactionManager.getTransaction(AbstractPlatformTransactionManager.java:405)
	at org.springframework.transaction.support.TransactionTemplate.execute(TransactionTemplate.java:137)
	at com.tsmc.autochannel.service.TransferLogService.logStart(TransferLogService.java:43)
	at com.tsmc.autochannel.component.Stdf2CsvComponent.execute(Stdf2CsvComponent.java:33)
	at com.tsmc.autochannel.component.AutoComponent.runStdf2Csv(AutoComponent.java:97)
	at java.base/java.util.concurrent.Executors$RunnableAdapter.call(Executors.java:539)
	at java.base/java.util.concurrent.FutureTask.runAndReset(FutureTask.java:305)
	at java.base/java.util.concurrent.ScheduledThreadPoolExecutor$ScheduledFutureTask.run(ScheduledThreadPoolExecutor.java:305)
	at java.base/java.util.concurrent.ThreadPoolExecutor.runWorker(ThreadPoolExecutor.java:1136)
	at java.base/java.util.concurrent.ThreadPoolExecutor$Worker.run(ThreadPoolExecutor.java:635)
	at java.base/java.lang.Thread.run(Thread.java:840)
Caused by: org.hibernate.TransactionException: JDBC begin transaction failed: 
	at org.hibernate.resource.jdbc.internal.AbstractLogicalConnectionImplementor.begin(AbstractLogicalConnectionImplementor.java:78)
	at org.hibernate.resource.jdbc.internal.LogicalConnectionManagedImpl.begin(LogicalConnectionManagedImpl.java:282)
	at org.hibernate.resource.transaction.backend.jdbc.internal.JdbcResourceLocalTransactionCoordinatorImpl$TransactionDriverControlImpl.begin(JdbcResourceLocalTransactionCoordinatorImpl.java:232)
	at org.hibernate.engine.transaction.internal.TransactionImpl.begin(TransactionImpl.java:83)
	at org.springframework.orm.jpa.vendor.HibernateJpaDialect.beginTransaction(HibernateJpaDialect.java:176)
	at org.springframework.orm.jpa.JpaTransactionManager.doBegin(JpaTransactionManager.java:420)
	... 12 common frames omitted
Caused by: java.sql.SQLNonTransientConnectionException: (conn=1170) Socket timout error
	at org.mariadb.jdbc.export.ExceptionFactory.createException(ExceptionFactory.java:300)
	at org.mariadb.jdbc.export.ExceptionFactory.create(ExceptionFactory.java:366)
	at org.mariadb.jdbc.client.impl.StandardClient.readPacket(StandardClient.java:938)
	at org.mariadb.jdbc.client.impl.StandardClient.readResults(StandardClient.java:854)
	at org.mariadb.jdbc.client.impl.StandardClient.readResponse(StandardClient.java:773)
	at org.mariadb.jdbc.client.impl.StandardClient.execute(StandardClient.java:697)
	at org.mariadb.jdbc.client.impl.StandardClient.execute(StandardClient.java:553)
	at org.mariadb.jdbc.Connection.setAutoCommit(Connection.java:204)
	at com.zaxxer.hikari.pool.ProxyConnection.setAutoCommit(ProxyConnection.java:401)
	at com.zaxxer.hikari.pool.HikariProxyConnection.setAutoCommit(HikariProxyConnection.java)
	at org.hibernate.resource.jdbc.internal.AbstractLogicalConnectionImplementor.begin(AbstractLogicalConnectionImplementor.java:72)
	... 17 common frames omitted
Caused by: java.net.SocketTimeoutException: Read timed out
	at java.base/sun.nio.ch.NioSocketImpl.timedRead(NioSocketImpl.java:288)
	at java.base/sun.nio.ch.NioSocketImpl.implRead(NioSocketImpl.java:314)
	at java.base/sun.nio.ch.NioSocketImpl.read(NioSocketImpl.java:355)
	at java.base/sun.nio.ch.NioSocketImpl$1.read(NioSocketImpl.java:808)
	at java.base/java.net.Socket$SocketInputStream.read(Socket.java:966)
	at java.base/java.io.BufferedInputStream.fill(BufferedInputStream.java:244)
	at java.base/java.io.BufferedInputStream.read1(BufferedInputStream.java:284)
	at java.base/java.io.BufferedInputStream.read(BufferedInputStream.java:343)
	at org.mariadb.jdbc.client.socket.impl.PacketReader.readReusablePacket(PacketReader.java:62)
	at org.mariadb.jdbc.message.ClientMessage.readPacket(ClientMessage.java:153)
	at org.mariadb.jdbc.client.impl.StandardClient.readPacket(StandardClient.java:915)
	... 25 common frames omitted
2026-05-07 22:58:19.912 [pool-2-thread-2] INFO  c.t.a.c.GenerateFilesComponent - [generateFiles] Generating 3 file(s) into mock_nas/source/...
2026-05-07 22:58:19.917 [pool-2-thread-2] INFO  c.t.a.c.GenerateFilesComponent - [generateFiles] Created mock_nas/source/alpha/data_1778165899912_0.stdf (channelId=CH001, channel=Channel Alpha)
2026-05-07 22:58:19.922 [pool-2-thread-2] INFO  c.t.a.c.GenerateFilesComponent - [generateFiles] Created mock_nas/source/gamma/data_1778165899918_1.stdf (channelId=CH003, channel=Channel Gamma)
2026-05-07 22:58:19.924 [pool-2-thread-2] INFO  c.t.a.c.GenerateFilesComponent - [generateFiles] Created mock_nas/source/delta/data_1778165899922_2.stdf (channelId=CH004, channel=Channel Delta)
2026-05-07 22:58:19.924 [pool-2-thread-2] INFO  c.t.a.c.GenerateFilesComponent - [generateFiles] Done — 3 file(s) generated
2026-05-07 22:58:20.643 [http-nio-8080-exec-1] INFO  o.a.c.c.C.[Tomcat].[localhost].[/] - Initializing Spring DispatcherServlet 'dispatcherServlet'
2026-05-07 22:58:20.643 [http-nio-8080-exec-1] INFO  o.s.web.servlet.DispatcherServlet - Initializing Servlet 'dispatcherServlet'
2026-05-07 22:58:20.646 [http-nio-8080-exec-1] INFO  o.s.web.servlet.DispatcherServlet - Completed initialization in 2 ms
2026-05-07 22:58:22.908 [pool-3-thread-3] INFO  c.t.a.component.AutoComponent - [auto] sftpUpload start (channelId=CH001)
2026-05-07 22:58:22.909 [pool-3-thread-3] INFO  c.t.a.m.LoggingObservationHandler - [obs] START name=mariadb keys=[keyValue(action=insert),keyValue(operation=SFTP_UPLOAD)], [keyValue(channelId=CH001),keyValue(filename=data_1778165902908_parsed.csv),keyValue(status=IN_PROGRESS)]
2026-05-07 22:58:24.219 [pool-3-thread-3] WARN  c.zaxxer.hikari.pool.ProxyConnection - HikariPool-1 - Connection org.mariadb.jdbc.Connection@425b88a1 marked as broken because of SQLSTATE(08000), ErrorCode(-1)
java.sql.SQLNonTransientConnectionException: (conn=1171) Socket timout error
	at org.mariadb.jdbc.export.ExceptionFactory.createException(ExceptionFactory.java:300)
	at org.mariadb.jdbc.export.ExceptionFactory.create(ExceptionFactory.java:366)
	at org.mariadb.jdbc.client.impl.StandardClient.readPacket(StandardClient.java:938)
	at org.mariadb.jdbc.client.impl.StandardClient.readResults(StandardClient.java:854)
	at org.mariadb.jdbc.client.impl.StandardClient.readResponse(StandardClient.java:773)
	at org.mariadb.jdbc.client.impl.StandardClient.execute(StandardClient.java:697)
	at org.mariadb.jdbc.client.impl.StandardClient.execute(StandardClient.java:553)
	at org.mariadb.jdbc.Connection.setAutoCommit(Connection.java:204)
	at com.zaxxer.hikari.pool.ProxyConnection.setAutoCommit(ProxyConnection.java:401)
	at com.zaxxer.hikari.pool.HikariProxyConnection.setAutoCommit(HikariProxyConnection.java)
	at org.hibernate.resource.jdbc.internal.AbstractLogicalConnectionImplementor.begin(AbstractLogicalConnectionImplementor.java:72)
	at org.hibernate.resource.jdbc.internal.LogicalConnectionManagedImpl.begin(LogicalConnectionManagedImpl.java:282)
	at org.hibernate.resource.transaction.backend.jdbc.internal.JdbcResourceLocalTransactionCoordinatorImpl$TransactionDriverControlImpl.begin(JdbcResourceLocalTransactionCoordinatorImpl.java:232)
	at org.hibernate.engine.transaction.internal.TransactionImpl.begin(TransactionImpl.java:83)
	at org.springframework.orm.jpa.vendor.HibernateJpaDialect.beginTransaction(HibernateJpaDialect.java:176)
	at org.springframework.orm.jpa.JpaTransactionManager.doBegin(JpaTransactionManager.java:420)
	at org.springframework.transaction.support.AbstractPlatformTransactionManager.startTransaction(AbstractPlatformTransactionManager.java:531)
	at org.springframework.transaction.support.AbstractPlatformTransactionManager.getTransaction(AbstractPlatformTransactionManager.java:405)
	at org.springframework.transaction.support.TransactionTemplate.execute(TransactionTemplate.java:137)
	at com.tsmc.autochannel.service.TransferLogService.logStart(TransferLogService.java:43)
	at com.tsmc.autochannel.component.SftpUploadComponent.execute(SftpUploadComponent.java:36)
	at com.tsmc.autochannel.component.AutoComponent.runSftpUpload(AutoComponent.java:107)
	at java.base/java.util.concurrent.Executors$RunnableAdapter.call(Executors.java:539)
	at java.base/java.util.concurrent.FutureTask.runAndReset(FutureTask.java:305)
	at java.base/java.util.concurrent.ScheduledThreadPoolExecutor$ScheduledFutureTask.run(ScheduledThreadPoolExecutor.java:305)
	at java.base/java.util.concurrent.ThreadPoolExecutor.runWorker(ThreadPoolExecutor.java:1136)
	at java.base/java.util.concurrent.ThreadPoolExecutor$Worker.run(ThreadPoolExecutor.java:635)
	at java.base/java.lang.Thread.run(Thread.java:840)
Caused by: java.net.SocketTimeoutException: Read timed out
	at java.base/sun.nio.ch.NioSocketImpl.timedRead(NioSocketImpl.java:288)
	at java.base/sun.nio.ch.NioSocketImpl.implRead(NioSocketImpl.java:314)
	at java.base/sun.nio.ch.NioSocketImpl.read(NioSocketImpl.java:355)
	at java.base/sun.nio.ch.NioSocketImpl$1.read(NioSocketImpl.java:808)
	at java.base/java.net.Socket$SocketInputStream.read(Socket.java:966)
	at java.base/java.io.BufferedInputStream.fill(BufferedInputStream.java:244)
	at java.base/java.io.BufferedInputStream.read1(BufferedInputStream.java:284)
	at java.base/java.io.BufferedInputStream.read(BufferedInputStream.java:343)
	at org.mariadb.jdbc.client.socket.impl.PacketReader.readReusablePacket(PacketReader.java:62)
	at org.mariadb.jdbc.message.ClientMessage.readPacket(ClientMessage.java:153)
	at org.mariadb.jdbc.client.impl.StandardClient.readPacket(StandardClient.java:915)
	... 25 common frames omitted
2026-05-07 22:58:24.230 [pool-3-thread-3] ERROR c.t.a.m.LoggingObservationHandler - [obs] ERROR name=mariadb keys=[keyValue(action=insert),keyValue(error=connection_failure),keyValue(operation=SFTP_UPLOAD)], [keyValue(channelId=CH001),keyValue(filename=data_1778165902908_parsed.csv),keyValue(status=IN_PROGRESS)], error=Could not open JPA EntityManager for transaction
2026-05-07 22:58:24.233 [pool-3-thread-3] INFO  c.t.a.m.LoggingObservationHandler - [obs] STOP name=mariadb keys=[keyValue(action=insert),keyValue(error=connection_failure),keyValue(operation=SFTP_UPLOAD)], [keyValue(channelId=CH001),keyValue(filename=data_1778165902908_parsed.csv),keyValue(status=IN_PROGRESS)]
2026-05-07 22:58:24.236 [pool-3-thread-3] ERROR c.t.a.component.AutoComponent - [auto] sftpUpload error: Could not open JPA EntityManager for transaction
org.springframework.transaction.CannotCreateTransactionException: Could not open JPA EntityManager for transaction
	at org.springframework.orm.jpa.JpaTransactionManager.doBegin(JpaTransactionManager.java:466)
	at org.springframework.transaction.support.AbstractPlatformTransactionManager.startTransaction(AbstractPlatformTransactionManager.java:531)
	at org.springframework.transaction.support.AbstractPlatformTransactionManager.getTransaction(AbstractPlatformTransactionManager.java:405)
	at org.springframework.transaction.support.TransactionTemplate.execute(TransactionTemplate.java:137)
	at com.tsmc.autochannel.service.TransferLogService.logStart(TransferLogService.java:43)
	at com.tsmc.autochannel.component.SftpUploadComponent.execute(SftpUploadComponent.java:36)
	at com.tsmc.autochannel.component.AutoComponent.runSftpUpload(AutoComponent.java:107)
	at java.base/java.util.concurrent.Executors$RunnableAdapter.call(Executors.java:539)
	at java.base/java.util.concurrent.FutureTask.runAndReset(FutureTask.java:305)
	at java.base/java.util.concurrent.ScheduledThreadPoolExecutor$ScheduledFutureTask.run(ScheduledThreadPoolExecutor.java:305)
	at java.base/java.util.concurrent.ThreadPoolExecutor.runWorker(ThreadPoolExecutor.java:1136)
	at java.base/java.util.concurrent.ThreadPoolExecutor$Worker.run(ThreadPoolExecutor.java:635)
	at java.base/java.lang.Thread.run(Thread.java:840)
Caused by: org.hibernate.TransactionException: JDBC begin transaction failed: 
	at org.hibernate.resource.jdbc.internal.AbstractLogicalConnectionImplementor.begin(AbstractLogicalConnectionImplementor.java:78)
	at org.hibernate.resource.jdbc.internal.LogicalConnectionManagedImpl.begin(LogicalConnectionManagedImpl.java:282)
	at org.hibernate.resource.transaction.backend.jdbc.internal.JdbcResourceLocalTransactionCoordinatorImpl$TransactionDriverControlImpl.begin(JdbcResourceLocalTransactionCoordinatorImpl.java:232)
	at org.hibernate.engine.transaction.internal.TransactionImpl.begin(TransactionImpl.java:83)
	at org.springframework.orm.jpa.vendor.HibernateJpaDialect.beginTransaction(HibernateJpaDialect.java:176)
	at org.springframework.orm.jpa.JpaTransactionManager.doBegin(JpaTransactionManager.java:420)
	... 12 common frames omitted
Caused by: java.sql.SQLNonTransientConnectionException: (conn=1171) Socket timout error
	at org.mariadb.jdbc.export.ExceptionFactory.createException(ExceptionFactory.java:300)
	at org.mariadb.jdbc.export.ExceptionFactory.create(ExceptionFactory.java:366)
	at org.mariadb.jdbc.client.impl.StandardClient.readPacket(StandardClient.java:938)
	at org.mariadb.jdbc.client.impl.StandardClient.readResults(StandardClient.java:854)
	at org.mariadb.jdbc.client.impl.StandardClient.readResponse(StandardClient.java:773)
	at org.mariadb.jdbc.client.impl.StandardClient.execute(StandardClient.java:697)
	at org.mariadb.jdbc.client.impl.StandardClient.execute(StandardClient.java:553)
	at org.mariadb.jdbc.Connection.setAutoCommit(Connection.java:204)
	at com.zaxxer.hikari.pool.ProxyConnection.setAutoCommit(ProxyConnection.java:401)
	at com.zaxxer.hikari.pool.HikariProxyConnection.setAutoCommit(HikariProxyConnection.java)
	at org.hibernate.resource.jdbc.internal.AbstractLogicalConnectionImplementor.begin(AbstractLogicalConnectionImplementor.java:72)
	... 17 common frames omitted
Caused by: java.net.SocketTimeoutException: Read timed out
	at java.base/sun.nio.ch.NioSocketImpl.timedRead(NioSocketImpl.java:288)
	at java.base/sun.nio.ch.NioSocketImpl.implRead(NioSocketImpl.java:314)
	at java.base/sun.nio.ch.NioSocketImpl.read(NioSocketImpl.java:355)
	at java.base/sun.nio.ch.NioSocketImpl$1.read(NioSocketImpl.java:808)
	at java.base/java.net.Socket$SocketInputStream.read(Socket.java:966)
	at java.base/java.io.BufferedInputStream.fill(BufferedInputStream.java:244)
	at java.base/java.io.BufferedInputStream.read1(BufferedInputStream.java:284)
	at java.base/java.io.BufferedInputStream.read(BufferedInputStream.java:343)
	at org.mariadb.jdbc.client.socket.impl.PacketReader.readReusablePacket(PacketReader.java:62)
	at org.mariadb.jdbc.message.ClientMessage.readPacket(ClientMessage.java:153)
	at org.mariadb.jdbc.client.impl.StandardClient.readPacket(StandardClient.java:915)
	... 25 common frames omitted
2026-05-07 22:58:27.183 [SpringApplicationShutdownHook] INFO  c.t.a.component.AutoComponent - [auto] Shutting down executors...
2026-05-07 22:58:27.183 [SpringApplicationShutdownHook] INFO  o.s.o.j.LocalContainerEntityManagerFactoryBean - Closing JPA EntityManagerFactory for persistence unit 'default'
2026-05-07 22:58:27.185 [SpringApplicationShutdownHook] INFO  com.zaxxer.hikari.HikariDataSource - HikariPool-1 - Shutdown initiated...
2026-05-07 22:58:27.202 [SpringApplicationShutdownHook] INFO  com.zaxxer.hikari.HikariDataSource - HikariPool-1 - Shutdown completed.
2026-05-07 23:11:12.988 [main] INFO  c.t.a.AutoChannelApplication - Starting AutoChannelApplication using Java 17.0.18 with PID 44767 (/Users/chenyuqi/Desktop/alan/tsmc/autoChannel/target/classes started by chenyuqi in /Users/chenyuqi/Desktop/alan/tsmc/autoChannel)
2026-05-07 23:11:12.989 [main] INFO  c.t.a.AutoChannelApplication - The following 1 profile is active: "mock"
2026-05-07 23:11:13.321 [main] INFO  o.s.d.r.c.RepositoryConfigurationDelegate - Bootstrapping Spring Data JPA repositories in DEFAULT mode.
2026-05-07 23:11:13.345 [main] INFO  o.s.d.r.c.RepositoryConfigurationDelegate - Finished Spring Data repository scanning in 19 ms. Found 1 JPA repository interface.
2026-05-07 23:11:13.751 [main] INFO  o.s.b.w.e.tomcat.TomcatWebServer - Tomcat initialized with port 8080 (http)
2026-05-07 23:11:13.757 [main] INFO  o.a.catalina.core.StandardService - Starting service [Tomcat]
2026-05-07 23:11:13.757 [main] INFO  o.a.catalina.core.StandardEngine - Starting Servlet engine: [Apache Tomcat/10.1.20]
2026-05-07 23:11:13.792 [main] INFO  o.a.c.c.C.[Tomcat].[localhost].[/] - Initializing Spring embedded WebApplicationContext
2026-05-07 23:11:13.792 [main] INFO  o.s.b.w.s.c.ServletWebServerApplicationContext - Root WebApplicationContext: initialization completed in 787 ms
2026-05-07 23:11:13.938 [main] INFO  o.h.jpa.internal.util.LogHelper - HHH000204: Processing PersistenceUnitInfo [name: default]
2026-05-07 23:11:13.969 [main] INFO  org.hibernate.Version - HHH000412: Hibernate ORM core version 6.4.4.Final
2026-05-07 23:11:13.983 [main] INFO  o.h.c.i.RegionFactoryInitiator - HHH000026: Second-level cache disabled
2026-05-07 23:11:14.087 [main] INFO  o.s.o.j.p.SpringPersistenceUnitInfo - No LoadTimeWeaver setup: ignoring JPA class transformer
2026-05-07 23:11:14.099 [main] INFO  com.zaxxer.hikari.HikariDataSource - HikariPool-1 - Starting...
2026-05-07 23:11:14.154 [main] INFO  com.zaxxer.hikari.pool.HikariPool - HikariPool-1 - Added connection org.mariadb.jdbc.Connection@25421809
2026-05-07 23:11:14.155 [main] INFO  com.zaxxer.hikari.HikariDataSource - HikariPool-1 - Start completed.
2026-05-07 23:11:14.175 [main] WARN  org.hibernate.orm.deprecation - HHH90000025: MariaDBDialect does not need to be specified explicitly using 'hibernate.dialect' (remove the property setting and it will be selected by default)
2026-05-07 23:11:14.550 [main] INFO  o.h.e.t.j.p.i.JtaPlatformInitiator - HHH000489: No JTA platform available (set 'hibernate.transaction.jta.platform' to enable JTA platform integration)
2026-05-07 23:11:15.065 [main] WARN  c.zaxxer.hikari.pool.ProxyConnection - HikariPool-1 - Connection org.mariadb.jdbc.Connection@25421809 marked as broken because of SQLSTATE(08000), ErrorCode(-1)
java.sql.SQLNonTransientConnectionException: (conn=1336) Socket timout error
	at org.mariadb.jdbc.export.ExceptionFactory.createException(ExceptionFactory.java:300)
	at org.mariadb.jdbc.export.ExceptionFactory.create(ExceptionFactory.java:366)
	at org.mariadb.jdbc.client.impl.StandardClient.readPacket(StandardClient.java:938)
	at org.mariadb.jdbc.client.impl.StandardClient.readResults(StandardClient.java:854)
	at org.mariadb.jdbc.client.impl.StandardClient.readResponse(StandardClient.java:773)
	at org.mariadb.jdbc.client.impl.StandardClient.execute(StandardClient.java:697)
	at org.mariadb.jdbc.ClientPreparedStatement.executeInternal(ClientPreparedStatement.java:93)
	at org.mariadb.jdbc.ClientPreparedStatement.executeQuery(ClientPreparedStatement.java:296)
	at com.zaxxer.hikari.pool.ProxyPreparedStatement.executeQuery(ProxyPreparedStatement.java:52)
	at com.zaxxer.hikari.pool.HikariProxyPreparedStatement.executeQuery(HikariProxyPreparedStatement.java)
	at org.hibernate.tool.schema.extract.spi.ExtractionContext.getQueryResults(ExtractionContext.java:49)
	at org.hibernate.tool.schema.extract.internal.SequenceInformationExtractorMariaDBDatabaseImpl.extractMetadata(SequenceInformationExtractorMariaDBDatabaseImpl.java:46)
	at org.hibernate.tool.schema.extract.internal.DatabaseInformationImpl.initializeSequences(DatabaseInformationImpl.java:66)
	at org.hibernate.tool.schema.extract.internal.DatabaseInformationImpl.<init>(DatabaseInformationImpl.java:60)
	at org.hibernate.tool.schema.internal.Helper.buildDatabaseInformation(Helper.java:185)
	at org.hibernate.tool.schema.internal.AbstractSchemaMigrator.doMigration(AbstractSchemaMigrator.java:98)
	at org.hibernate.tool.schema.spi.SchemaManagementToolCoordinator.performDatabaseAction(SchemaManagementToolCoordinator.java:286)
	at org.hibernate.tool.schema.spi.SchemaManagementToolCoordinator.lambda$process$5(SchemaManagementToolCoordinator.java:145)
	at java.base/java.util.HashMap.forEach(HashMap.java:1421)
	at org.hibernate.tool.schema.spi.SchemaManagementToolCoordinator.process(SchemaManagementToolCoordinator.java:142)
	at org.hibernate.boot.internal.SessionFactoryObserverForSchemaExport.sessionFactoryCreated(SessionFactoryObserverForSchemaExport.java:37)
	at org.hibernate.internal.SessionFactoryObserverChain.sessionFactoryCreated(SessionFactoryObserverChain.java:35)
	at org.hibernate.internal.SessionFactoryImpl.<init>(SessionFactoryImpl.java:315)
	at org.hibernate.boot.internal.SessionFactoryBuilderImpl.build(SessionFactoryBuilderImpl.java:450)
	at org.hibernate.jpa.boot.internal.EntityManagerFactoryBuilderImpl.build(EntityManagerFactoryBuilderImpl.java:1507)
	at org.springframework.orm.jpa.vendor.SpringHibernateJpaPersistenceProvider.createContainerEntityManagerFactory(SpringHibernateJpaPersistenceProvider.java:75)
	at org.springframework.orm.jpa.LocalContainerEntityManagerFactoryBean.createNativeEntityManagerFactory(LocalContainerEntityManagerFactoryBean.java:390)
	at org.springframework.orm.jpa.AbstractEntityManagerFactoryBean.buildNativeEntityManagerFactory(AbstractEntityManagerFactoryBean.java:409)
	at org.springframework.orm.jpa.AbstractEntityManagerFactoryBean.afterPropertiesSet(AbstractEntityManagerFactoryBean.java:396)
	at org.springframework.orm.jpa.LocalContainerEntityManagerFactoryBean.afterPropertiesSet(LocalContainerEntityManagerFactoryBean.java:366)
	at org.springframework.beans.factory.support.AbstractAutowireCapableBeanFactory.invokeInitMethods(AbstractAutowireCapableBeanFactory.java:1833)
	at org.springframework.beans.factory.support.AbstractAutowireCapableBeanFactory.initializeBean(AbstractAutowireCapableBeanFactory.java:1782)
	at org.springframework.beans.factory.support.AbstractAutowireCapableBeanFactory.doCreateBean(AbstractAutowireCapableBeanFactory.java:600)
	at org.springframework.beans.factory.support.AbstractAutowireCapableBeanFactory.createBean(AbstractAutowireCapableBeanFactory.java:522)
	at org.springframework.beans.factory.support.AbstractBeanFactory.lambda$doGetBean$0(AbstractBeanFactory.java:326)
	at org.springframework.beans.factory.support.DefaultSingletonBeanRegistry.getSingleton(DefaultSingletonBeanRegistry.java:234)
	at org.springframework.beans.factory.support.AbstractBeanFactory.doGetBean(AbstractBeanFactory.java:324)
	at org.springframework.beans.factory.support.AbstractBeanFactory.getBean(AbstractBeanFactory.java:200)
	at org.springframework.context.support.AbstractApplicationContext.getBean(AbstractApplicationContext.java:1234)
	at org.springframework.context.support.AbstractApplicationContext.finishBeanFactoryInitialization(AbstractApplicationContext.java:952)
	at org.springframework.context.support.AbstractApplicationContext.refresh(AbstractApplicationContext.java:624)
	at org.springframework.boot.web.servlet.context.ServletWebServerApplicationContext.refresh(ServletWebServerApplicationContext.java:146)
	at org.springframework.boot.SpringApplication.refresh(SpringApplication.java:754)
	at org.springframework.boot.SpringApplication.refreshContext(SpringApplication.java:456)
	at org.springframework.boot.SpringApplication.run(SpringApplication.java:334)
	at org.springframework.boot.SpringApplication.run(SpringApplication.java:1354)
	at org.springframework.boot.SpringApplication.run(SpringApplication.java:1343)
	at com.tsmc.autochannel.AutoChannelApplication.main(AutoChannelApplication.java:30)
Caused by: java.net.SocketTimeoutException: Read timed out
	at java.base/sun.nio.ch.NioSocketImpl.timedRead(NioSocketImpl.java:288)
	at java.base/sun.nio.ch.NioSocketImpl.implRead(NioSocketImpl.java:314)
	at java.base/sun.nio.ch.NioSocketImpl.read(NioSocketImpl.java:355)
	at java.base/sun.nio.ch.NioSocketImpl$1.read(NioSocketImpl.java:808)
	at java.base/java.net.Socket$SocketInputStream.read(Socket.java:966)
	at java.base/java.io.BufferedInputStream.fill(BufferedInputStream.java:244)
	at java.base/java.io.BufferedInputStream.read1(BufferedInputStream.java:284)
	at java.base/java.io.BufferedInputStream.read(BufferedInputStream.java:343)
	at org.mariadb.jdbc.client.socket.impl.PacketReader.readReusablePacket(PacketReader.java:62)
	at org.mariadb.jdbc.message.ClientMessage.readPacket(ClientMessage.java:153)
	at org.mariadb.jdbc.client.impl.StandardClient.readPacket(StandardClient.java:915)
	... 45 common frames omitted
2026-05-07 23:11:15.074 [main] WARN  o.h.e.jdbc.spi.SqlExceptionHelper - SQL Error: -1, SQLState: 08000
2026-05-07 23:11:15.074 [main] ERROR o.h.e.jdbc.spi.SqlExceptionHelper - (conn=1336) Socket timout error
2026-05-07 23:11:15.080 [main] ERROR o.s.o.j.LocalContainerEntityManagerFactoryBean - Failed to initialize JPA EntityManagerFactory: [PersistenceUnit: default] Unable to build Hibernate SessionFactory; nested exception is org.hibernate.exception.JDBCConnectionException: Unable to build DatabaseInformation [(conn=1336) Socket timout error] [n/a]
2026-05-07 23:11:15.080 [main] WARN  o.s.b.w.s.c.AnnotationConfigServletWebServerApplicationContext - Exception encountered during context initialization - cancelling refresh attempt: org.springframework.beans.factory.BeanCreationException: Error creating bean with name 'entityManagerFactory' defined in class path resource [org/springframework/boot/autoconfigure/orm/jpa/HibernateJpaConfiguration.class]: [PersistenceUnit: default] Unable to build Hibernate SessionFactory; nested exception is org.hibernate.exception.JDBCConnectionException: Unable to build DatabaseInformation [(conn=1336) Socket timout error] [n/a]
2026-05-07 23:11:15.081 [main] INFO  com.zaxxer.hikari.HikariDataSource - HikariPool-1 - Shutdown initiated...
2026-05-07 23:11:16.082 [main] WARN  com.zaxxer.hikari.pool.HikariPool - Timed-out waiting for add connection executor to shutdown
2026-05-07 23:11:16.085 [main] INFO  com.zaxxer.hikari.HikariDataSource - HikariPool-1 - Shutdown completed.
2026-05-07 23:11:16.088 [main] INFO  o.a.catalina.core.StandardService - Stopping service [Tomcat]
2026-05-07 23:11:16.116 [main] INFO  o.s.b.a.l.ConditionEvaluationReportLogger - 

Error starting ApplicationContext. To display the condition evaluation report re-run your application with 'debug' enabled.
2026-05-07 23:11:16.127 [main] ERROR o.s.boot.SpringApplication - Application run failed
org.springframework.beans.factory.BeanCreationException: Error creating bean with name 'entityManagerFactory' defined in class path resource [org/springframework/boot/autoconfigure/orm/jpa/HibernateJpaConfiguration.class]: [PersistenceUnit: default] Unable to build Hibernate SessionFactory; nested exception is org.hibernate.exception.JDBCConnectionException: Unable to build DatabaseInformation [(conn=1336) Socket timout error] [n/a]
	at org.springframework.beans.factory.support.AbstractAutowireCapableBeanFactory.initializeBean(AbstractAutowireCapableBeanFactory.java:1786)
	at org.springframework.beans.factory.support.AbstractAutowireCapableBeanFactory.doCreateBean(AbstractAutowireCapableBeanFactory.java:600)
	at org.springframework.beans.factory.support.AbstractAutowireCapableBeanFactory.createBean(AbstractAutowireCapableBeanFactory.java:522)
	at org.springframework.beans.factory.support.AbstractBeanFactory.lambda$doGetBean$0(AbstractBeanFactory.java:326)
	at org.springframework.beans.factory.support.DefaultSingletonBeanRegistry.getSingleton(DefaultSingletonBeanRegistry.java:234)
	at org.springframework.beans.factory.support.AbstractBeanFactory.doGetBean(AbstractBeanFactory.java:324)
	at org.springframework.beans.factory.support.AbstractBeanFactory.getBean(AbstractBeanFactory.java:200)
	at org.springframework.context.support.AbstractApplicationContext.getBean(AbstractApplicationContext.java:1234)
	at org.springframework.context.support.AbstractApplicationContext.finishBeanFactoryInitialization(AbstractApplicationContext.java:952)
	at org.springframework.context.support.AbstractApplicationContext.refresh(AbstractApplicationContext.java:624)
	at org.springframework.boot.web.servlet.context.ServletWebServerApplicationContext.refresh(ServletWebServerApplicationContext.java:146)
	at org.springframework.boot.SpringApplication.refresh(SpringApplication.java:754)
	at org.springframework.boot.SpringApplication.refreshContext(SpringApplication.java:456)
	at org.springframework.boot.SpringApplication.run(SpringApplication.java:334)
	at org.springframework.boot.SpringApplication.run(SpringApplication.java:1354)
	at org.springframework.boot.SpringApplication.run(SpringApplication.java:1343)
	at com.tsmc.autochannel.AutoChannelApplication.main(AutoChannelApplication.java:30)
Caused by: jakarta.persistence.PersistenceException: [PersistenceUnit: default] Unable to build Hibernate SessionFactory; nested exception is org.hibernate.exception.JDBCConnectionException: Unable to build DatabaseInformation [(conn=1336) Socket timout error] [n/a]
	at org.springframework.orm.jpa.AbstractEntityManagerFactoryBean.buildNativeEntityManagerFactory(AbstractEntityManagerFactoryBean.java:421)
	at org.springframework.orm.jpa.AbstractEntityManagerFactoryBean.afterPropertiesSet(AbstractEntityManagerFactoryBean.java:396)
	at org.springframework.orm.jpa.LocalContainerEntityManagerFactoryBean.afterPropertiesSet(LocalContainerEntityManagerFactoryBean.java:366)
	at org.springframework.beans.factory.support.AbstractAutowireCapableBeanFactory.invokeInitMethods(AbstractAutowireCapableBeanFactory.java:1833)
	at org.springframework.beans.factory.support.AbstractAutowireCapableBeanFactory.initializeBean(AbstractAutowireCapableBeanFactory.java:1782)
	... 16 common frames omitted
Caused by: org.hibernate.exception.JDBCConnectionException: Unable to build DatabaseInformation [(conn=1336) Socket timout error] [n/a]
	at org.hibernate.exception.internal.SQLExceptionTypeDelegate.convert(SQLExceptionTypeDelegate.java:51)
	at org.hibernate.exception.internal.StandardSQLExceptionConverter.convert(StandardSQLExceptionConverter.java:58)
	at org.hibernate.engine.jdbc.spi.SqlExceptionHelper.convert(SqlExceptionHelper.java:108)
	at org.hibernate.engine.jdbc.spi.SqlExceptionHelper.convert(SqlExceptionHelper.java:94)
	at org.hibernate.tool.schema.internal.Helper.buildDatabaseInformation(Helper.java:194)
	at org.hibernate.tool.schema.internal.AbstractSchemaMigrator.doMigration(AbstractSchemaMigrator.java:98)
	at org.hibernate.tool.schema.spi.SchemaManagementToolCoordinator.performDatabaseAction(SchemaManagementToolCoordinator.java:286)
	at org.hibernate.tool.schema.spi.SchemaManagementToolCoordinator.lambda$process$5(SchemaManagementToolCoordinator.java:145)
	at java.base/java.util.HashMap.forEach(HashMap.java:1421)
	at org.hibernate.tool.schema.spi.SchemaManagementToolCoordinator.process(SchemaManagementToolCoordinator.java:142)
	at org.hibernate.boot.internal.SessionFactoryObserverForSchemaExport.sessionFactoryCreated(SessionFactoryObserverForSchemaExport.java:37)
	at org.hibernate.internal.SessionFactoryObserverChain.sessionFactoryCreated(SessionFactoryObserverChain.java:35)
	at org.hibernate.internal.SessionFactoryImpl.<init>(SessionFactoryImpl.java:315)
	at org.hibernate.boot.internal.SessionFactoryBuilderImpl.build(SessionFactoryBuilderImpl.java:450)
	at org.hibernate.jpa.boot.internal.EntityManagerFactoryBuilderImpl.build(EntityManagerFactoryBuilderImpl.java:1507)
	at org.springframework.orm.jpa.vendor.SpringHibernateJpaPersistenceProvider.createContainerEntityManagerFactory(SpringHibernateJpaPersistenceProvider.java:75)
	at org.springframework.orm.jpa.LocalContainerEntityManagerFactoryBean.createNativeEntityManagerFactory(LocalContainerEntityManagerFactoryBean.java:390)
	at org.springframework.orm.jpa.AbstractEntityManagerFactoryBean.buildNativeEntityManagerFactory(AbstractEntityManagerFactoryBean.java:409)
	... 20 common frames omitted
Caused by: java.sql.SQLNonTransientConnectionException: (conn=1336) Socket timout error
	at org.mariadb.jdbc.export.ExceptionFactory.createException(ExceptionFactory.java:300)
	at org.mariadb.jdbc.export.ExceptionFactory.create(ExceptionFactory.java:366)
	at org.mariadb.jdbc.client.impl.StandardClient.readPacket(StandardClient.java:938)
	at org.mariadb.jdbc.client.impl.StandardClient.readResults(StandardClient.java:854)
	at org.mariadb.jdbc.client.impl.StandardClient.readResponse(StandardClient.java:773)
	at org.mariadb.jdbc.client.impl.StandardClient.execute(StandardClient.java:697)
	at org.mariadb.jdbc.ClientPreparedStatement.executeInternal(ClientPreparedStatement.java:93)
	at org.mariadb.jdbc.ClientPreparedStatement.executeQuery(ClientPreparedStatement.java:296)
	at com.zaxxer.hikari.pool.ProxyPreparedStatement.executeQuery(ProxyPreparedStatement.java:52)
	at com.zaxxer.hikari.pool.HikariProxyPreparedStatement.executeQuery(HikariProxyPreparedStatement.java)
	at org.hibernate.tool.schema.extract.spi.ExtractionContext.getQueryResults(ExtractionContext.java:49)
	at org.hibernate.tool.schema.extract.internal.SequenceInformationExtractorMariaDBDatabaseImpl.extractMetadata(SequenceInformationExtractorMariaDBDatabaseImpl.java:46)
	at org.hibernate.tool.schema.extract.internal.DatabaseInformationImpl.initializeSequences(DatabaseInformationImpl.java:66)
	at org.hibernate.tool.schema.extract.internal.DatabaseInformationImpl.<init>(DatabaseInformationImpl.java:60)
	at org.hibernate.tool.schema.internal.Helper.buildDatabaseInformation(Helper.java:185)
	... 33 common frames omitted
Caused by: java.net.SocketTimeoutException: Read timed out
	at java.base/sun.nio.ch.NioSocketImpl.timedRead(NioSocketImpl.java:288)
	at java.base/sun.nio.ch.NioSocketImpl.implRead(NioSocketImpl.java:314)
	at java.base/sun.nio.ch.NioSocketImpl.read(NioSocketImpl.java:355)
	at java.base/sun.nio.ch.NioSocketImpl$1.read(NioSocketImpl.java:808)
	at java.base/java.net.Socket$SocketInputStream.read(Socket.java:966)
	at java.base/java.io.BufferedInputStream.fill(BufferedInputStream.java:244)
	at java.base/java.io.BufferedInputStream.read1(BufferedInputStream.java:284)
	at java.base/java.io.BufferedInputStream.read(BufferedInputStream.java:343)
	at org.mariadb.jdbc.client.socket.impl.PacketReader.readReusablePacket(PacketReader.java:62)
	at org.mariadb.jdbc.message.ClientMessage.readPacket(ClientMessage.java:153)
	at org.mariadb.jdbc.client.impl.StandardClient.readPacket(StandardClient.java:915)
	... 45 common frames omitted
